ID,class
1,0.003429905
2,0.000126524
3,0.000454168
4,0.034242008
5,0.131678272
6,9.39E-10
7,8.80991E-05
8,2.35E-07
9,8.68E-08
10,0.012857264
11,0.007309346
12,0.005160531
13,0.001570402
14,0.004359116
15,0.16100825
16,1.61E-07
17,6.54185E-05
18,1.40E-07
19,0.000208554
20,3.71528E-05
21,0.005885644
22,9.21E-06
23,2.08E-09
24,0.02300491
25,0.000923842
26,0.012138918
27,4.08E-06
28,0.001455066
29,0.1245658
30,0.004853193
31,0.012562401
32,0.000171797
33,0.002561684
34,0.016048472
35,0.000118641
36,0.211860689
37,2.35177E-05
38,1.55E-08
39,0.049709034
40,2.33411E-05
41,0.001087088
42,0.116774247
43,0.00267888
44,0.009397402
45,0.037928286
46,9.21E-06
47,2.44208E-05
48,1.07E-06
49,5.94E-08
50,5.60402E-05
51,7.49E-08
52,2.65E-08
53,0.024900362
54,0.16279638
55,3.34E-10
56,0.009487201
57,0.00026313
58,0.002649981
59,6.42688E-05
60,0.000025713
61,0.000850375
62,4.20E-06
63,5.75146E-05
64,0.00556793
65,0.000870616
66,4.40563E-05
67,0.004575829
68,0.024115051
69,0.009194397
70,0.036347757
71,4.27E-06
72,0.003399673
73,9.57683E-05
74,0.046409229
75,0.004197943
76,8.11074E-05
77,1.17408E-05
78,0.000253235
79,4.58671E-05
80,8.03E-09
81,0.008566488
82,0.008770003
83,2.29E-07
84,2.77413E-05
85,2.18655E-05
86,0.000317056
87,0.192411754
88,4.76E-11
89,0.00121618
90,2.35E-10
91,3.03E-08
92,0.002549229
93,0.022463467
94,0.000139052
95,2.59868E-05
96,2.28E-08
97,0.052016957
98,1.55E-07
99,0.000590573
100,0.000587881
101,0.046378459
102,0.31096894
103,2.38E-07
104,0.000405151
105,4.81E-27
106,0.000223495
107,9.54E-06
108,8.92E-23
109,3.38E-08
110,1.40789E-05
111,8.60214E-05
112,0.006740595
113,1.97E-07
114,0.012755612
115,0.009243697
116,1.83E-12
117,0.350751659
118,0.019841314
119,2.26E-07
120,0.030578005
121,0.00404612
122,0.000694133
123,3.45074E-05
124,0.005167107
125,2.51E-11
126,1.27E-06
127,2.73168E-05
128,0.037366383
129,0.000929475
130,0.000241775
131,0.000303265
132,0.016001997
133,5.81E-06
134,0.002192917
135,0.0253464
136,0.002688001
137,1.14E-09
138,2.03257E-05
139,0.000229675
140,0.010578484
141,0.015878061
142,0.000557989
143,0.000759149
144,0.00310002
145,5.06E-07
146,1.78E-06
147,5.01E-09
148,3.19585E-05
149,0.020721733
150,4.03E-13
151,0.084971079
152,0.026357868
153,2.73E-06
154,2.09E-13
155,0.117471054
156,0.069957944
157,0.006132272
158,3.01E-06
159,0.020558594
160,1.40E-12
161,2.45E-07
162,4.60E-06
163,3.01E-06
164,0.016460421
165,0.001688561
166,3.70176E-05
167,4.29E-13
168,2.29E-07
169,0.001388273
170,1.30E-06
171,0.000303619
172,0.007587659
173,0.011883222
174,0.011296376
175,9.95E-16
176,7.28E-10
177,0.000166355
178,0.998061379
179,0.009202191
180,0.000104816
181,0.046570641
182,2.92784E-05
183,0.043314977
184,0.012151274
185,0.003632302
186,0.030252877
187,5.19E-11
188,0.088972603
189,0.001747577
190,0.077846169
191,0.019133126
192,0.06318369
193,1.17E-06
194,0.000128923
195,0.078440423
196,0.008454853
197,0.001154421
198,0.000444279
199,2.01E-09
200,0.002116007
201,0.037144735
202,0.000920282
203,0.018624164
204,0.002689072
205,0.005261875
206,8.26E-08
207,0.045175205
208,0.070004486
209,0.00045312
210,0.012521732
211,0.012658882
212,0.004306773
213,0.025228213
214,0.089190835
215,9.93E-06
216,4.36E-07
217,3.01455E-05
218,6.87E-13
219,1.45E-06
220,0.010267138
221,0.03929085
222,8.08E-08
223,1
224,7.24055E-05
225,0.045191533
226,5.99414E-05
227,0.001351109
228,3.06E-10
229,1.91E-10
230,1.77E-11
231,8.94E-09
232,1.42E-09
233,3.13E-13
234,6.17171E-05
235,0.049401272
236,5.05E-10
237,0.000139078
238,0.016796213
239,0.058211671
240,0.23090644
241,0.007110908
242,0.062542668
243,2.13E-13
244,0.000657777
245,7.12E-08
246,5.28E-08
247,0.001934762
248,0.000254056
249,1.06E-06
250,0.009369798
251,6.84E-08
252,0.028299323
253,3.23E-13
254,0.175767353
255,0.006862081
256,5.42E-07
257,3.23135E-05
258,0.000237863
259,0.000044031
260,0.000150125
261,2.08952E-05
262,0.006842744
263,0.001700186
264,2.98468E-05
265,1.66E-11
266,0.045820288
267,2.52E-10
268,0.045495459
269,1.75E-11
270,0.000249599
271,1.26E-08
272,0.000318252
273,7.67E-13
274,6.46E-06
275,1.92E-09
276,0.000425043
277,2.00516E-05
278,2.98E-06
279,0.008925489
280,0.000927311
281,0.461382035
282,6.34E-08
283,0.00209681
284,0.000202244
285,2.50E-07
286,1.96E-06
287,0.001300561
288,0.001676897
289,0.000076131
290,0.005677716
291,4.32E-09
292,0.002274135
293,1.02E-06
294,0.000456361
295,0.003007246
296,3.12E-31
297,0.000184072
298,0.007158136
299,5.25E-06
300,1.71E-09
301,0.002351102
302,0.000208116
303,1.86111E-05
304,3.78E-06
305,0.009820439
306,9.37E-37
307,0.000246999
308,4.62417E-05
309,0.000155387
310,0.001525187
311,7.43E-06
312,0.000332473
313,0.005087586
314,3.56063E-05
315,8.70E-13
316,6.47E-09
317,0.014988196
318,4.74E-10
319,1.53865E-05
320,0.00021649
321,0.031655807
322,6.46388E-05
323,0.005808347
324,0.000559904
325,0.013581115
326,2.26E-06
327,7.67E-09
328,0.004973563
329,6.26004E-05
330,1.16E-07
331,1.66805E-05
332,0.03679984
333,0.000104555
334,1.39E-06
335,0.000124252
336,4.47E-08
337,3.42789E-05
338,2.20393E-05
339,2.27147E-05
340,4.50E-06
341,8.18939E-05
342,1.27E-27
343,0.000339989
344,6.72E-16
345,0.034373416
346,1.77E-06
347,0.026451098
348,1.22357E-05
349,7.56E-10
350,1.02551E-05
351,0.067323308
352,0.00696925
353,0.000242058
354,0.864217062
355,0.120121529
356,0.004570905
357,1.07E-08
358,5.52366E-05
359,0.000977931
360,0.000305519
361,0.011220033
362,3.25E-09
363,0.00496863
364,0.129944686
365,0.065903382
366,0.006093952
367,6.16E-13
368,0.008892176
369,0.02194072
370,7.13E-06
371,0.005230097
372,0.000162918
373,0.004894779
374,0.000115339
375,0.033026787
376,0.003162754
377,0.053060015
378,0.000457998
379,6.75E-11
380,0.032747763
381,0.040841076
382,5.47573E-05
383,0.001492956
384,9.11E-06
385,0.057298627
386,3.99E-11
387,0.004200326
388,0.055667426
389,1.07E-06
390,0.00279599
391,1.92E-06
392,0.001304473
393,0.003150794
394,0.000445998
395,0.020243219
396,1.37E-06
397,4.75E-06
398,4.51E-28
399,0.003701045
400,1.94E-07
401,7.77345E-05
402,0.000133181
403,1.24552E-05
404,0.002610002
405,0.021006319
406,0.096143617
407,0.000512679
408,0.074010544
409,0.037928073
410,2.62E-09
411,6.62E-09
412,0.000775385
413,0.008699756
414,0.000149544
415,8.86E-07
416,0.017395543
417,0.003748713
418,0.000201115
419,6.06229E-05
420,0.002226346
421,1.31E-10
422,2.37E-18
423,2.04696E-05
424,0.003089867
425,8.68E-10
426,7.73E-07
427,0.000598713
428,9.48E-08
429,0.024824413
430,3.56827E-05
431,0.000908752
432,0.002981466
433,1.91E-06
434,0.03846954
435,0.000131658
436,0.000369335
437,0.000110906
438,1
439,4.51E-06
440,0.023717551
441,5.71338E-05
442,0.010292243
443,0.000571706
444,0.00103659
445,0.205806157
446,3.49E-06
447,0.002941742
448,0.023392564
449,4.04E-22
450,0.002774221
451,0.05189017
452,0.000429341
453,0.000694696
454,0.009412716
455,0.014919499
456,0.000429082
457,0.000945345
458,0.023671253
459,0.007982525
460,0.000166165
461,0.164876222
462,5.47763E-05
463,0.018370995
464,0.000217388
465,0.050112759
466,0.001732027
467,0.000734355
468,0.000150683
469,2.18E-12
470,5.13E-08
471,0.002238128
472,0.018025578
473,0.012949277
474,5.87E-08
475,0.007655164
476,1.46E-09
477,0.030810999
478,4.46E-08
479,0.000676186
480,0.038310896
481,0.000104747
482,0.030676888
483,3.82E-06
484,0.000407098
485,1.17E-06
486,0.017194713
487,0.027131367
488,0.001555062
489,2.63E-06
490,1.32E-07
491,0.022675253
492,0.035845695
493,0.015212322
494,0.000535275
495,0.000414247
496,1.94535E-05
497,0.000468522
498,1.73E-06
499,0.000449637
500,0.037467237
501,0.000881254
502,0.004339348
503,5.06744E-05
504,8.14597E-05
505,0.002899094
506,0.017204555
507,4.99E-08
508,2.41E-06
509,3.84E-06
510,4.87436E-05
511,6.52E-12
512,0.000238681
513,0.000397567
514,0.005307475
515,0.010987273
516,0.001045716
517,4.51E-08
518,0.001323521
519,0.04066971
520,0.001008863
521,0.91496531
522,0.999999998
523,3.69E-09
524,0.000286045
525,0.000827763
526,0.007659778
527,0.052041044
528,2.62E-13
529,0.003192783
530,4.37E-06
531,8.41E-14
532,2.43061E-05
533,3.70E-08
534,0.000445798
535,0.013728819
536,8.16655E-05
537,0.033210094
538,0.001657461
539,0.033037965
540,0.022230643
541,0.065291512
542,0.017179223
543,0.019529628
544,0.002127413
545,0.000168967
546,0.00173569
547,0.00553486
548,5.86E-06
549,0.010136556
550,0.002014341
551,0.012127815
552,0.000210418
553,2.79E-07
554,0.001842496
555,0.027035754
556,1.51E-08
557,3.44E-07
558,0.056873646
559,0.006333096
560,0.000106492
561,0.007052067
562,0.001090568
563,1.52E-18
564,0.005709474
565,0.044798185
566,7.12E-08
567,0.01083237
568,1.90E-06
569,1.93714E-05
570,0.02295878
571,3.91489E-05
572,4.94E-08
573,0.003032362
574,0.005419026
575,3.97E-20
576,0.000933059
577,0.005801683
578,0.000317987
579,2.55E-14
580,0.000355331
581,0.000141892
582,1.34E-08
583,0.106955626
584,8.49555E-05
585,0.123748279
586,3.86E-10
587,0.061743208
588,0.000196423
589,4.19688E-05
590,0.026320039
591,7.56E-06
592,9.50E-12
593,2.48E-09
594,0.001789705
595,1.19E-07
596,4.51E-11
597,0.57470681
598,0.000143045
599,1.04E-16
600,0.005060716
601,0.004359154
602,6.78461E-05
603,0.009522267
604,6.49E-07
605,3.34687E-05
606,0.009035116
607,0.001729484
608,0.000963986
609,0.012270177
610,7.37E-06
611,1.28E-06
612,1.42E-06
613,9.47E-09
614,1.47E-09
615,5.16E-09
616,5.94E-09
617,0.155733337
618,0.034562167
619,0.041004007
620,0.001540855
621,1.24E-06
622,9.01E-08
623,0.013179677
624,0.01589205
625,0.07439074
626,0.00231226
627,1.07627E-05
628,0.020993082
629,0.002164947
630,0.006428477
631,2.21E-09
632,0.01657783
633,8.67727E-05
634,0.009929171
635,0.017132039
636,4.10E-08
637,0.015770939
638,7.25E-16
639,1.54E-08
640,5.69E-08
641,2.63E-73
642,0.017666972
643,0.015761476
644,1.60762E-05
645,2.31E-06
646,0.000439925
647,0.040905088
648,0.011463106
649,0.000108833
650,0.059779687
651,0.002290299
652,2.73E-10
653,1.87E-06
654,0.018621945
655,0.001973807
656,7.89E-08
657,6.56E-21
658,5.38222E-05
659,5.70764E-05
660,1.78E-09
661,0.002684462
662,7.57E-06
663,0.000459077
664,0.043379804
665,0.00253725
666,0.026940748
667,0.000208373
668,4.31E-07
669,0.000843631
670,5.23673E-05
671,9.72E-06
672,4.06E-06
673,0.000539752
674,0.000204207
675,2.98E-13
676,0.002272337
677,0.050609466
678,4.78E-10
679,4.51E-06
680,0.010399454
681,1.18E-06
682,0.000141246
683,0.000112966
684,0.000932985
685,5.59E-06
686,1.42E-09
687,0.000155596
688,8.08E-16
689,0.000795337
690,0.017898904
691,5.16E-06
692,0.008624073
693,2.37E-08
694,0.040961515
695,0.039141263
696,8.45E-09
697,0.00073915
698,0.019253067
699,0.041005854
700,1.19E-10
701,0.044570378
702,2.82662E-05
703,0.000297637
704,2.43E-07
705,1.04E-06
706,0.000235991
707,0.010182681
708,1.27E-10
709,1.97999E-05
710,0.000261518
711,9.87E-08
712,2.45E-09
713,0.110400539
714,3.28681E-05
715,0.008480642
716,0.031945643
717,3.16127E-05
718,0.007971518
719,6.61E-52
720,2.10284E-05
721,3.41E-09
722,0.000283239
723,0.115902035
724,1.42E-07
725,1.11E-07
726,0.015881632
727,6.58521E-05
728,1.40E-07
729,3.86E-08
730,4.22748E-05
731,0.000621588
732,2.64E-11
733,0.062947595
734,0.03906491
735,0.020952654
736,1.23E-07
737,0.000469613
738,0.02388936
739,0.018900905
740,3.45E-06
741,0.031819599
742,1.49E-07
743,7.41E-06
744,0.022404968
745,0.04349266
746,0.002746556
747,8.23E-09
748,3.39E-06
749,0.000925231
750,0.013072205
751,7.95407E-05
752,5.60E-06
753,3.94E-06
754,0.005273182
755,2.86E-06
756,0.019499941
757,3.74E-07
758,1.05E-06
759,0.070634556
760,0.032801554
761,0.005985686
762,0.000118088
763,0.532467424
764,0.057994229
765,0.004300764
766,2.51E-07
767,0.010111149
768,0.0029133
769,0.000271972
770,0.00099577
771,0.002495219
772,0.000639325
773,0.00051512
774,0.087889706
775,3.65801E-05
776,0.290528722
777,0.0038061
778,0.043458457
779,9.74E-07
780,0.047541593
781,0.012621434
782,0.005803842
783,1.58E-07
784,0.001974203
785,0.001059521
786,1.49E-08
787,0.046471166
788,0.897395402
789,3.32E-08
790,2.30E-06
791,2.44E-06
792,5.24E-06
793,0.000245795
794,0.051447468
795,0.00362784
796,0.054424069
797,0.03646561
798,4.70E-19
799,0.004642357
800,0.000103828
801,0.000291995
802,0.013737253
803,2.48E-10
804,0.102201259
805,4.39768E-05
806,2.11E-06
807,0.001146743
808,1.17E-06
809,0.010196273
810,0.033511805
811,0.000662462
812,0.000147207
813,5.81076E-05
814,0.011509338
815,3.93017E-05
816,3.64983E-05
817,5.81E-06
818,0.00128791
819,0.063740102
820,0.044588439
821,1.44E-08
822,0.68490495
823,0.075416309
824,0.026337578
825,0.005739333
826,0.01750851
827,3.36189E-05
828,0.005564736
829,1.58E-06
830,0.013654042
831,0.002125204
832,0.001263699
833,5.79435E-05
834,1.51E-10
835,0.000670436
836,0.000848745
837,0.000748066
838,1.93E-07
839,1.36E-13
840,0.027172765
841,3.61E-06
842,0.015079388
843,0.027505571
844,0.004292021
845,0.061782196
846,1.06357E-05
847,0.001127389
848,0.00167783
849,6.27E-07
850,1.52092E-05
851,0.074735941
852,0.021583318
853,6.15E-06
854,1.28683E-05
855,9.38025E-05
856,0.037896609
857,0.00184989
858,0.000125676
859,1.10E-08
860,0.004208618
861,1.75E-27
862,9.78E-13
863,0.306744973
864,0.052931377
865,1.79E-07
866,0.021495359
867,2.71E-07
868,6.26376E-05
869,0.000302934
870,0.002505044
871,3.72E-07
872,0.000671581
873,0.007021048
874,0.062145608
875,0.002010401
876,0.02001371
877,0.005134827
878,0.2810701
879,6.35E-07
880,2.85934E-05
881,0.364628309
882,0.001102452
883,0.088812307
884,4.52E-11
885,0.002258109
886,0.014263941
887,1.49E-07
888,0.002423084
889,3.26E-08
890,1.27E-06
891,3.98957E-05
892,0.020098571
893,1.36E-06
894,2.37E-07
895,5.17E-06
896,0.003668679
897,3.27E-07
898,0.009066863
899,0.007810598
900,0.00003437
901,0.002461822
902,4.96E-06
903,1.17116E-05
904,0.001776784
905,0.000992218
906,6.36428E-05
907,7.91E-09
908,1.38E-35
909,1.95E-07
910,0.004334765
911,1.04E-08
912,0.002476194
913,1.23E-08
914,0.024245919
915,0.000339644
916,7.19E-09
917,0.03317968
918,0.032486795
919,2.63E-09
920,8.56E-06
921,5.66932E-05
922,0.06449683
923,3.62E-09
924,0.011668799
925,0.013023124
926,2.36856E-05
927,3.03E-08
928,0.010164172
929,2.95E-08
930,0.003753522
931,1.51708E-05
932,2.09301E-05
933,0.002400797
934,0.000579324
935,1.94E-07
936,8.40E-07
937,0.02830146
938,0.001052018
939,0.004478511
940,0.000219396
941,0.001440852
942,7.69E-06
943,0.00007909
944,0.014318195
945,0.002221501
946,0.00041942
947,0.001065812
948,0.003342281
949,0.08985394
950,0.096178114
951,8.94E-06
952,1.84E-07
953,0.000281413
954,0.027287115
955,0.000503839
956,0.012217828
957,0.001028358
958,0.048285692
959,0.001256502
960,4.85E-06
961,3.10E-14
962,0.001173242
963,0.000276734
964,1.29356E-05
965,0.001092931
966,0.005259286
967,1
968,1.22E-06
969,0.030775244
970,0.003925913
971,0.047349803
972,1.98E-08
973,0.013069453
974,1.86E-08
975,1.04E-06
976,0.009026156
977,0.022924954
978,0.003234372
979,3.23787E-05
980,0.001152669
981,2.04694E-05
982,0.000364216
983,0.000139809
984,1.13E-13
985,4.99E-17
986,0.002761689
987,0.008215117
988,0.003996432
989,0.001861738
990,0.001442342
991,8.15E-06
992,5.48E-09
993,0.000101746
994,3.40E-13
995,0.001651708
996,3.28E-08
997,0.000680025
998,0.020702043
999,0.022845497
1000,0.0070136
1001,0.103286492
1002,1.52E-06
1003,0.001165506
1004,3.09E-06
1005,0.005003612
1006,5.32397E-05
1007,5.12E-06
1008,0.001895747
1009,3.63E-10
1010,8.18E-06
1011,0.000115086
1012,4.72614E-05
1013,0.028979359
1014,0.091052344
1015,2.97268E-05
1016,3.97368E-05
1017,2.79E-10
1018,0.015158856
1019,0.058235608
1020,0.012975352
1021,0.002153232
1022,2.98E-09
1023,6.89152E-05
1024,0.00993163
1025,0.001952464
1026,0.031620083
1027,0.002393645
1028,1.60E-07
1029,6.26E-06
1030,0.000201586
1031,1
1032,2.91E-07
1033,0.01853677
1034,0.002283826
1035,0.000578864
1036,0.090468789
1037,0.008541366
1038,8.43E-24
1039,0.000226014
1040,0.001027841
1041,0.065943347
1042,0.001297493
1043,0.031955213
1044,2.76933E-05
1045,5.32E-11
1046,3.74172E-05
1047,2.58E-21
1048,0.00186538
1049,8.71545E-05
1050,1.87982E-05
1051,0.009782615
1052,1.10E-23
1053,1.35E-23
1054,3.27845E-05
1055,4.86E-06
1056,8.11E-06
1057,0.011388173
1058,0.003804576
1059,0.000234558
1060,1.20E-08
1061,0.001063764
1062,7.17E-19
1063,5.18E-08
1064,8.10964E-05
1065,0.007939398
1066,0.000110809
1067,0.009230983
1068,1.19564E-05
1069,0.09384321
1070,0.052278517
1071,0.004975225
1072,8.11E-13
1073,0.065392145
1074,1.85567E-05
1075,0.002689379
1076,0.000106783
1077,0.001097383
1078,0.000407751
1079,0.002878817
1080,0.003361113
1081,5.72E-07
1082,0.00168072
1083,0.153116658
1084,1.22931E-05
1085,0.085341184
1086,1.36708E-05
1087,5.64E-06
1088,0.008969103
1089,0.000313703
1090,0.019512648
1091,0.001488056
1092,0.000345702
1093,4.77354E-05
1094,0.001211078
1095,4.53E-07
1096,0.004262303
1097,5.58E-07
1098,3.77635E-05
1099,2.29E-08
1100,0.000627835
1101,0.00011286
1102,7.68E-10
1103,0.000307163
1104,0.000155094
1105,1.41E-06
1106,0.017767378
1107,1.72E-18
1108,0.014791515
1109,0.000233739
1110,0.237389604
1111,0.036012512
1112,4.30E-10
1113,0.002013433
1114,0.000414213
1115,0.125259405
1116,1.39E-17
1117,0.026641633
1118,0.000126292
1119,1.88E-09
1120,0.001801944
1121,2.92098E-05
1122,0.000685675
1123,0.004980047
1124,2.33321E-05
1125,0.004313073
1126,0.001287203
1127,0.000354235
1128,0.000763448
1129,0.002039059
1130,0.057251412
1131,3.82E-20
1132,1.48917E-05
1133,0.036739294
1134,0.069239667
1135,0.015599498
1136,1.80E-55
1137,0.009088868
1138,7.11E-07
1139,0.001881228
1140,0.012517391
1141,0.017140226
1142,0.001409392
1143,0.04870955
1144,8.11115E-05
1145,0.000198343
1146,1.86916E-05
1147,4.93E-08
1148,1.11924E-05
1149,9.37E-09
1150,1.57E-08
1151,0.044441522
1152,1.04E-09
1153,0.169930154
1154,0.003249363
1155,2.21E-09
1156,1.16392E-05
1157,0.000229923
1158,5.43E-08
1159,7.65067E-05
1160,0.04124613
1161,7.85034E-05
1162,0.001621764
1163,0.094957401
1164,0.01317435
1165,4.26712E-05
1166,2.08E-16
1167,0.053275763
1168,0.010941199
1169,0.02470808
1170,3.95E-08
1171,0.070510239
1172,0.000333416
1173,0.038177588
1174,0.000374724
1175,5.36E-08
1176,0.456027779
1177,0.054170535
1178,0.045679751
1179,0.004731891
1180,0.99952529
1181,0.013166323
1182,9.83E-08
1183,2.08696E-05
1184,5.18E-07
1185,0.000182047
1186,0.000167083
1187,1.54E-08
1188,0.1477445
1189,3.99224E-05
1190,9.31134E-05
1191,1.37E-16
1192,1.31E-06
1193,0.00047584
1194,3.62196E-05
1195,5.93E-08
1196,0.004811933
1197,0.021936663
1198,0.018107414
1199,1.62676E-05
1200,8.45E-34
1201,9.28E-12
1202,0.012072152
1203,0.008904716
1204,0.005809242
1205,7.10E-06
1206,0.042719297
1207,1.43762E-05
1208,0.001730112
1209,0.025877966
1210,0.000014784
1211,2.00008E-05
1212,9.55E-21
1213,0.000535396
1214,0.000451879
1215,0.06877035
1216,0.000187708
1217,4.74335E-05
1218,0.00841202
1219,0.001814608
1220,0.000210146
1221,0.047363717
1222,0.001161167
1223,0.000974807
1224,0.0012632
1225,0.005010384
1226,5.19E-06
1227,3.63E-06
1228,6.38E-09
1229,1.78E-13
1230,0.007823834
1231,0.026450818
1232,1.42364E-05
1233,0.000939155
1234,0.005470276
1235,1.36E-14
1236,1.92E-09
1237,3.75E-10
1238,2.52959E-05
1239,2.27E-10
1240,0.000393688
1241,7.44E-07
1242,0.060268917
1243,0.000114486
1244,2.06E-06
1245,7.87E-12
1246,0.000918706
1247,1.83E-08
1248,4.39885E-05
1249,2.19E-08
1250,0.001540293
1251,0.004480536
1252,3.54E-06
1253,1.12E-06
1254,0.007526653
1255,3.32E-16
1256,0.00106246
1257,7.40E-10
1258,9.12E-06
1259,0.001843545
1260,1.81E-06
1261,4.65E-21
1262,6.51E-08
1263,0.005774015
1264,0.000304447
1265,0.001262935
1266,0.000467443
1267,0.999731348
1268,0.00067782
1269,0.009997333
1270,0.030178281
1271,3.31794E-05
1272,0.000465341
1273,0.040450518
1274,1.07513E-05
1275,0.03759126
1276,9.05591E-05
1277,0.020282259
1278,2.18235E-05
1279,8.71E-10
1280,0.00100112
1281,0.01074987
1282,0.71121742
1283,0.017937366
1284,0.101741077
1285,0.085931045
1286,0.00090411
1287,1.01018E-05
1288,0.000635013
1289,0.103082475
1290,4.08E-21
1291,0.002728057
1292,3.99887E-05
1293,1.22035E-05
1294,0.000123514
1295,0.047021485
1296,4.13E-11
1297,6.70E-08
1298,0.000348239
1299,0.005195334
1300,0.005522687
1301,0.000534555
1302,1.69753E-05
1303,0.000126714
1304,7.83E-07
1305,3.35E-07
1306,0.078194967
1307,0.000402509
1308,1.49E-11
1309,1.48118E-05
1310,6.83E-08
1311,0.000150417
1312,2.42E-06
1313,0.000223628
1314,0.032366293
1315,2.52E-08
1316,3.52E-11
1317,0.051587549
1318,4.48526E-05
1319,7.74E-07
1320,0.006069106
1321,0.077853025
1322,1.23431E-05
1323,0.000032394
1324,7.45E-10
1325,0.000135729
1326,0.00020864
1327,3.52E-06
1328,8.98473E-05
1329,8.84E-07
1330,0.001071965
1331,3.42E-06
1332,0.000024063
1333,0.00945056
1334,5.88206E-05
1335,5.41E-07
1336,0.630367776
1337,2.50E-08
1338,0.018807972
1339,0.002787243
1340,0.010403264
1341,9.62E-06
1342,0.037784119
1343,3.06E-06
1344,0.000906489
1345,0.00387777
1346,0.002486688
1347,0.011943675
1348,8.79E-08
1349,0.004533947
1350,2.84485E-05
1351,1.18E-21
1352,4.98E-08
1353,0.000564425
1354,0.181350047
1355,0.00077069
1356,1.39E-06
1357,0.000596281
1358,5.41E-09
1359,7.50E-07
1360,1.08E-06
1361,1.82223E-05
1362,0.000960353
1363,1.55E-10
1364,0.000969112
1365,1.54E-09
1366,0.015809066
1367,0.001103695
1368,0.108632848
1369,0.000832384
1370,0.032412238
1371,0.00120169
1372,4.81E-08
1373,5.10E-06
1374,0.010500174
1375,1.04E-07
1376,0.00680953
1377,5.63E-07
1378,0.035443249
1379,3.74E-08
1380,0.000079063
1381,7.73E-11
1382,3.89362E-05
1383,1.70E-06
1384,0.010268266
1385,0.005777178
1386,1.42E-06
1387,9.63086E-05
1388,0.006312844
1389,0.004133484
1390,0.000729476
1391,0.001239554
1392,0.010619027
1393,2.10E-08
1394,0.003211392
1395,3.14E-48
1396,2.95E-07
1397,0.039777396
1398,0.042178296
1399,0.001623676
1400,0.038444512
1401,4.09E-07
1402,0.000142125
1403,0.00125405
1404,0.108358244
1405,2.18E-08
1406,8.70E-06
1407,9.45E-08
1408,0.000280014
1409,0.010268518
1410,1.09E-06
1411,6.99E-06
1412,8.17E-06
1413,1.60E-07
1414,0.0181755
1415,3.82E-06
1416,5.36E-38
1417,0.000129191
1418,9.74103E-05
1419,0.000138324
1420,0.012136142
1421,1.67E-06
1422,9.86E-10
1423,0.009724178
1424,0.059018568
1425,0.005447719
1426,3.39E-11
1427,1.51E-06
1428,0.00164685
1429,0.034223105
1430,8.19E-06
1431,0.019634041
1432,8.93845E-05
1433,0.006995045
1434,0.00240507
1435,0.000194171
1436,0.000203765
1437,0.013085257
1438,0.962357704
1439,0.096198022
1440,1
1441,0.027942369
1442,0.000358318
1443,0.010320888
1444,0.000345606
1445,0.001081493
1446,0.003493468
1447,0.040771708
1448,0.008937705
1449,1.54E-28
1450,1.72E-09
1451,4.77E-08
1452,6.71E-07
1453,0.091061995
1454,4.43E-06
1455,0.057113608
1456,0.001738532
1457,3.04E-09
1458,0.014315401
1459,0.026924383
1460,7.25E-09
1461,4.69E-07
1462,0.006606303
1463,0.001322925
1464,0.05923273
1465,0.015849526
1466,0.002219013
1467,3.40183E-05
1468,9.14145E-05
1469,2.56E-08
1470,0.026890446
1471,4.29E-11
1472,0.002332187
1473,0.000517365
1474,1.41E-07
1475,0.000129427
1476,9.82595E-05
1477,7.08E-07
1478,0.111966511
1479,0.000316221
1480,6.60E-06
1481,0.001438184
1482,0.00012707
1483,0.019821288
1484,0.006355509
1485,0.000243391
1486,0.033104771
1487,2.24113E-05
1488,6.03E-15
1489,0.062816549
1490,4.42E-10
1491,1.01E-07
1492,1.68E-10
1493,0.000212588
1494,0.018226257
1495,6.34E-09
1496,0.008726681
1497,1.29E-09
1498,0.027587583
1499,0.089519825
1500,0.021283604
1501,0.000231648
1502,0.003218159
1503,3.42E-08
1504,0.005681038
1505,0.020358929
1506,0.01794448
1507,0.029110237
1508,3.41E-16
1509,1.98E-06
1510,4.99119E-05
1511,0.049482759
1512,9.73E-08
1513,0.000646359
1514,0.000753401
1515,0.004893649
1516,0.332460247
1517,2.70787E-05
1518,2.06E-11
1519,0.054071384
1520,2.19E-15
1521,0.01861112
1522,1.87685E-05
1523,3.76018E-05
1524,0.093961033
1525,0.003703819
1526,7.79E-06
1527,1.21E-06
1528,5.92478E-05
1529,4.33E-09
1530,0.000252521
1531,0.214559484
1532,0.891763061
1533,0.004380561
1534,0.045538033
1535,0.00018859
1536,0.000409745
1537,0.040275642
1538,0.002134157
1539,0.007089308
1540,2.05E-08
1541,0.005417066
1542,0.000327232
1543,0.004173131
1544,8.11E-13
1545,0.005192712
1546,3.25E-09
1547,0.002838996
1548,0.004075108
1549,0.000332471
1550,7.57E-06
1551,0.07247117
1552,0.002952002
1553,0.003912705
1554,1.36E-31
1555,0.001586201
1556,2.27E-09
1557,0.157884218
1558,1.38E-06
1559,0.999999978
1560,0.000557985
1561,1
1562,0.049276
1563,0.000586931
1564,0.001347744
1565,0.00058742
1566,2.17783E-05
1567,2.06E-08
1568,1.84E-14
1569,0.004407386
1570,2.00E-08
1571,2.31505E-05
1572,0.002514615
1573,9.13E-07
1574,1.07E-09
1575,1.61E-10
1576,0.001070553
1577,0.000122545
1578,0.002734693
1579,0.043826631
1580,0.011192174
1581,7.80E-06
1582,0.039795047
1583,0.000120426
1584,1.96E-07
1585,0.018807972
1586,0.006781941
1587,0.883480631
1588,1.85E-06
1589,2.71E-06
1590,0.000679161
1591,6.76E-24
1592,0.001633145
1593,0.009191777
1594,4.20416E-05
1595,0.003458197
1596,0.021922986
1597,0.012504954
1598,1.73E-06
1599,0.003361949
1600,0.00019568
1601,0.00027408
1602,1.46159E-05
1603,0.053767041
1604,3.80E-07
1605,0.010208977
1606,0.005134827
1607,0.000639453
1608,0.016308052
1609,0.011815716
1610,4.85056E-05
1611,0.157711672
1612,0.002909619
1613,0.033215304
1614,3.13E-11
1615,0.030136916
1616,0.03181729
1617,3.21E-08
1618,2.70E-08
1619,0.002372681
1620,3.08E-06
1621,2.31033E-05
1622,0.000496027
1623,6.07614E-05
1624,4.60E-06
1625,8.87E-08
1626,0.000044211
1627,1.96E-11
1628,0.041155844
1629,0.000206737
1630,2.34E-06
1631,4.92859E-05
1632,0.079295497
1633,1
1634,1.54E-06
1635,1.78E-09
1636,0.097673288
1637,0.000433724
1638,2.30E-07
1639,0.003018204
1640,0.00724679
1641,0.098154251
1642,1.32E-06
1643,0.021487296
1644,2.12E-07
1645,0.00063701
1646,0.111227171
1647,1.00131E-05
1648,8.52067E-05
1649,1.21E-07
1650,0.047187656
1651,0.000587496
1652,9.59E-07
1653,0.015060241
1654,5.12E-10
1655,0.001128753
1656,0.004305358
1657,0.043458898
1658,8.03E-09
1659,2.20119E-05
1660,0.000110188
1661,0.059405385
1662,0.098332943
1663,2.97112E-05
1664,1.43E-07
1665,4.11076E-05
1666,1.33E-07
1667,0.000276595
1668,3.60549E-05
1669,1.76E-06
1670,1.00E-37
1671,3.60E-08
1672,0.004999847
1673,2.10E-06
1674,0.000276923
1675,1.47E-09
1676,1.47E-07
1677,0.056146046
1678,2.84E-06
1679,5.94E-09
1680,8.64E-06
1681,0.00161249
1682,0.000154258
1683,0.022207998
1684,0.047473147
1685,0.00135367
1686,2.73E-10
1687,0.12528282
1688,0.002754687
1689,4.96E-06
1690,0.001413399
1691,0.000191642
1692,2.62E-12
1693,2.20663E-05
1694,0.037245455
1695,0.002282172
1696,3.92E-07
1697,2.52125E-05
1698,8.63E-06
1699,1.89792E-05
1700,0
1701,3.67E-23
1702,0.002164076
1703,7.57272E-05
1704,9.06E-08
1705,0.001585051
1706,6.34E-07
1707,0.008807217
1708,0.001699969
1709,0.002675099
1710,1.07E-09
1711,0.000165403
1712,3.29E-11
1713,0.000559035
1714,3.27E-07
1715,0.000885932
1716,1.28E-06
1717,8.36E-06
1718,1.97613E-05
1719,2.88E-06
1720,2.13E-06
1721,7.87E-07
1722,2.55E-06
1723,2.34E-09
1724,0.060772985
1725,6.56E-12
1726,6.46E-06
1727,4.89346E-05
1728,6.79E-14
1729,0.004647014
1730,1.27E-07
1731,1.34E-09
1732,0.000224701
1733,1.20936E-05
1734,0.000208148
1735,2.81E-08
1736,1.31E-11
1737,0.019060682
1738,3.86E-07
1739,0.000513662
1740,0.045872213
1741,5.81E-09
1742,0.003029456
1743,0.059119446
1744,1.53E-08
1745,0.004461707
1746,0.079205262
1747,4.58E-11
1748,0.006638012
1749,0.034193399
1750,1.17E-09
1751,0.000107966
1752,3.11E-06
1753,1.29521E-05
1754,5.39E-13
1755,0.042476107
1756,3.55E-07
1757,0.001856587
1758,8.60505E-05
1759,5.93E-06
1760,1.02225E-05
1761,0.037590762
1762,1.91E-13
1763,0.000107736
1764,2.34E-24
1765,0.007075501
1766,0.000695486
1767,1.23E-08
1768,0.008873575
1769,0.003498281
1770,0.043844905
1771,0.005186279
1772,0.003438567
1773,6.22E-07
1774,3.39E-07
1775,0.085891699
1776,1.56E-10
1777,0.000441928
1778,0.000488647
1779,0.139704865
1780,2.61E-39
1781,0.004961941
1782,2.52E-08
1783,0.001209205
1784,0.000197821
1785,6.82049E-05
1786,0.097859309
1787,1.64357E-05
1788,0.013100582
1789,4.65E-07
1790,0.00492019
1791,6.01E-08
1792,0.049654872
1793,0.084757159
1794,0.996458428
1795,0.000368278
1796,0.000061124
1797,0.003831856
1798,4.20452E-05
1799,2.01E-06
1800,4.78237E-05
1801,1
1802,1.18036E-05
1803,0.003409263
1804,7.14E-10
1805,0.000134375
1806,0.021393661
1807,1.67535E-05
1808,0.075054992
1809,0.003349342
1810,0.149466958
1811,0.058733395
1812,7.45E-06
1813,5.45E-11
1814,0.010017181
1815,0.000312514
1816,0.017912404
1817,0.002977182
1818,2.42E-14
1819,2.37139E-05
1820,0.001269248
1821,0.249324519
1822,0.091063548
1823,6.62E-14
1824,0.005182301
1825,9.55E-07
1826,1.87E-06
1827,3.52E-07
1828,0.063624339
1829,6.44005E-05
1830,0.000189062
1831,0.018777135
1832,5.49675E-05
1833,9.00E-09
1834,0.009765732
1835,1.28893E-05
1836,0.033593703
1837,0.001345965
1838,0.042761646
1839,8.96E-09
1840,0.000319811
1841,0.003140508
1842,0.736729201
1843,0.000429249
1844,1.12E-06
1845,0.005550915
1846,3.43606E-05
1847,0.828460888
1848,3.98832E-05
1849,0.010807387
1850,4.16764E-05
1851,1.31E-12
1852,9.83242E-05
1853,2.12E-07
1854,5.23E-11
1855,5.66E-10
1856,0.000133586
1857,0.088830097
1858,1.07007E-05
1859,0.000398039
1860,0.019770632
1861,0.000533195
1862,0.000124017
1863,0.391606135
1864,1.39E-06
1865,8.89E-06
1866,0.047562927
1867,0.023411268
1868,1.52E-11
1869,6.12327E-05
1870,0.006964736
1871,1.32759E-05
1872,0.001121098
1873,0.000383032
1874,4.47E-10
1875,0.000266341
1876,0.008315135
1877,9.68E-06
1878,0.0614435
1879,0.047518552
1880,0.007832478
1881,0.001856437
1882,1
1883,0.087306368
1884,3.92307E-05
1885,0.984714329
1886,1.43006E-05
1887,0.062957195
1888,0.305240234
1889,1.56E-06
1890,0.003826429
1891,0.009991111
1892,4.86E-06
1893,2.06E-07
1894,0.087969447
1895,1.12571E-05
1896,0.000568546
1897,4.12E-07
1898,1.62E-06
1899,0.027705975
1900,6.52E-09
1901,0.000312178
1902,5.07408E-05
1903,0.000293588
1904,5.09E-06
1905,0.019617014
1906,1.87E-08
1907,8.26E-08
1908,5.90E-08
1909,0.00126208
1910,4.49E-08
1911,1.25E-08
1912,0.000034914
1913,1
1914,0.00496798
1915,4.02611E-05
1916,4.78E-08
1917,0.044310207
1918,4.83E-07
1919,5.87E-23
1920,0.022327608
1921,0.005696705
1922,0.005115496
1923,8.99E-06
1924,0.00194534
1925,0.002713882
1926,0.029416208
1927,0.000672812
1928,0.005809819
1929,0.030404415
1930,9.36E-12
1931,0.021209752
1932,4.84E-07
1933,8.83E-07
1934,7.24E-08
1935,3.14084E-05
1936,4.06E-14
1937,0.000018235
1938,0.952060292
1939,7.86E-06
1940,4.96E-06
1941,0.984110015
1942,3.43E-09
1943,0.000759327
1944,1.06E-09
1945,2.72E-08
1946,0.008218174
1947,0.003454029
1948,0.014092929
1949,0.000155096
1950,0.063133644
1951,5.35E-06
1952,2.36E-10
1953,0.000171505
1954,0.000116726
1955,1.39E-06
1956,0.000158525
1957,1.93E-10
1958,1.61E-06
1959,0.000178754
1960,3.84E-06
1961,2.64835E-05
1962,0.075956524
1963,4.28E-07
1964,2.65E-06
1965,1.60E-11
1966,0.000462609
1967,0.000210258
1968,0.000539723
1969,0.00514042
1970,2.99E-07
1971,0.07428137
1972,0.217220363
1973,1.51E-06
1974,9.49327E-05
1975,6.27E-09
1976,0.245884849
1977,2.69E-08
1978,2.29E-11
1979,0.000182241
1980,1.85E-08
1981,1.84E-10
1982,0.034665388
1983,0.000933881
1984,3.25E-07
1985,0.000396901
1986,0.000439014
1987,0.014414007
1988,7.19635E-05
1989,7.15E-08
1990,0.029791023
1991,7.44E-17
1992,4.50171E-05
1993,1.66E-07
1994,0.000662531
1995,1.86731E-05
1996,0.000521666
1997,1.67E-15
1998,0.000138382
1999,0.000140199
2000,1.89826E-05
2001,2.27E-09
2002,6.50E-06
2003,0.034829155
2004,3.55E-09
2005,0.00027665
2006,8.40E-06
2007,2.52E-08
2008,0.005788681
2009,0.000155252
2010,0.020668965
2011,1.22E-10
2012,0.009518472
2013,0.004125729
2014,1.11E-07
2015,9.93773E-05
2016,0.001287045
2017,0.012395543
2018,4.28E-07
2019,0.075810982
2020,0.006125067
2021,3.66852E-05
2022,3.87041E-05
2023,7.71E-08
2024,0.000539651
2025,0.158050281
2026,0.000641524
2027,0.009762128
2028,0.073007741
2029,0.000158357
2030,0.003894594
2031,3.60E-06
2032,1.04E-07
2033,0.001253996
2034,1.74E-07
2035,1.62E-08
2036,4.20E-19
2037,0.000983342
2038,0.003720281
2039,0.000471983
2040,0.001065917
2041,1.61E-08
2042,2.38E-08
2043,2.39E-07
2044,2.82E-10
2045,0.162074263
2046,0.016503252
2047,1.50823E-05
2048,0.080973929
2049,0.002189117
2050,0.9919801
2051,7.36E-10
2052,1.54E-07
2053,0.041404348
2054,0.009228509
2055,0.021459329
2056,0.004634498
2057,0.021936383
2058,0.00012664
2059,0.000317744
2060,0.010148164
2061,0.004019162
2062,0.11227666
2063,0.000014497
2064,2.15E-18
2065,0.008924444
2066,5.00E-09
2067,2.70E-08
2068,0.000429721
2069,4.86E-06
2070,1.58E-15
2071,0.000347862
2072,0.006381483
2073,0.000103323
2074,0.000120913
2075,3.55E-06
2076,0.017641522
2077,0.033627418
2078,0.003224442
2079,0.00415965
2080,3.53E-06
2081,0.000321777
2082,0.170985107
2083,0.040918484
2084,1.59E-06
2085,3.01565E-05
2086,7.48E-06
2087,3.79E-15
2088,0.132305972
2089,0.000151469
2090,5.73E-07
2091,0.003396985
2092,8.88316E-05
2093,0.000122432
2094,1.10E-08
2095,8.48E-09
2096,1.43E-65
2097,5.72E-199
2098,0.001425129
2099,0.000237928
2100,1.84E-06
2101,4.44E-06
2102,2.58E-15
2103,0.002700117
2104,3.53843E-05
2105,5.54E-06
2106,0.002189138
2107,8.13096E-05
2108,1.04E-10
2109,0.018354407
2110,4.69E-10
2111,1.12E-11
2112,9.14E-12
2113,0.000156825
2114,1.46197E-05
2115,9.42055E-05
2116,1.09E-07
2117,0.058630316
2118,0.152715098
2119,1.88E-06
2120,0.000209685
2121,0.024330141
2122,4.68478E-05
2123,0.055195563
2124,2.00203E-05
2125,5.53E-08
2126,0.006848196
2127,0.151293949
2128,0.046812855
2129,0.001487999
2130,9.61917E-05
2131,0.000571681
2132,0.003571281
2133,0.00735047
2134,0.035061454
2135,0.015566236
2136,1.33E-06
2137,0.000359979
2138,1.63E-06
2139,0.284816574
2140,1.96E-07
2141,0.025040734
2142,0.000564333
2143,0.010198494
2144,0.000420009
2145,1.38745E-05
2146,0.010598248
2147,0.029152144
2148,0.06004301
2149,3.60E-06
2150,0.000154615
2151,0.044385565
2152,0.001133355
2153,7.34E-06
2154,0.025544575
2155,0.029049216
2156,0.000210759
2157,0.013998718
2158,0.001936305
2159,0.000152882
2160,0.001105542
2161,0.036425813
2162,0.061509832
2163,3.35416E-05
2164,5.00619E-05
2165,0.027660831
2166,0.000165658
2167,4.20436E-05
2168,2.94E-08
2169,5.04E-06
2170,0.067576138
2171,0.023369905
2172,0.000271658
2173,0.004348504
2174,9.88E-06
2175,3.04E-17
2176,0.020892061
2177,0.030797363
2178,0.005659368
2179,1.82E-06
2180,0.015387815
2181,2.03E-07
2182,2.00E-09
2183,0.006204401
2184,0.266416486
2185,0.007917507
2186,0.000575965
2187,0.000192112
2188,0.088510165
2189,0.000331958
2190,0.000376508
2191,0.001052113
2192,4.52063E-05
2193,3.82E-08
2194,2.24E-06
2195,1.20E-61
2196,1.03E-08
2197,5.16218E-05
2198,4.25E-06
2199,0.0000447
2200,1.77E-06
2201,3.65E-07
2202,0.005255726
2203,0.010723382
2204,0.095041974
2205,0.000998931
2206,0.00105527
2207,0.003191282
2208,1.98E-12
2209,5.39E-09
2210,0.000284498
2211,3.66E-08
2212,8.79E-07
2213,0.000140259
2214,0.159128445
2215,1.03E-06
2216,7.97E-10
2217,0.023204317
2218,0.000130374
2219,1.98E-07
2220,0.023390443
2221,1.86E-07
2222,0.002104
2223,0.004679652
2224,0.011807284
2225,1.69702E-05
2226,0.052405195
2227,0.006379174
2228,6.42E-06
2229,2.34899E-05
2230,0.111862458
2231,1.24053E-05
2232,8.14075E-05
2233,2.69E-11
2234,0.000123574
2235,0.024822797
2236,0.099073338
2237,0.005787893
2238,2.04E-09
2239,3.11E-07
2240,3.03E-07
2241,0.010854566
2242,0.087940824
2243,1.46E-24
2244,7.11E-08
2245,0.195022379
2246,0.002204341
2247,1.37E-06
2248,0.007324997
2249,2.37E-08
2250,0.000561943
2251,0.009254936
2252,0.070841507
2253,3.27E-11
2254,6.99997E-05
2255,0.052405195
2256,0.01878918
2257,0.000494694
2258,0.009408638
2259,0.000132448
2260,4.61E-08
2261,0.002066761
2262,0.880940652
2263,0.002140138
2264,2.30E-06
2265,0.001186144
2266,0.000905276
2267,0.021171928
2268,0.001313996
2269,3.14E-07
2270,9.08E-08
2271,1.21E-06
2272,3.32E-09
2273,1.85E-10
2274,0.009577618
2275,0.05643922
2276,0.025936984
2277,3.47056E-05
2278,3.18363E-05
2279,0.00113618
2280,2.49E-06
2281,0.001721167
2282,0.573080769
2283,0.025252031
2284,0.001454882
2285,0.030071921
2286,0.000570257
2287,0.028844659
2288,1.77E-12
2289,9.78E-08
2290,2.24E-07
2291,1.80E-13
2292,7.72E-08
2293,1.19E-07
2294,0.011142465
2295,0.039171325
2296,0.003314265
2297,6.22E-06
2298,0.004073785
2299,1.86E-09
2300,0.999945154
2301,0.000301372
2302,8.96654E-05
2303,2.23E-10
2304,1.76E-25
2305,1.48E-11
2306,0.054218021
2307,4.85E-09
2308,0.00342074
2309,8.93E-09
2310,3.13E-11
2311,9.65E-10
2312,1.47E-08
2313,4.49E-07
2314,0.004508253
2315,1.89E-08
2316,4.96E-06
2317,1.57E-11
2318,0.004282055
2319,8.92455E-05
2320,0.212215482
2321,5.16E-10
2322,0.000900209
2323,2.72E-06
2324,0.004957959
2325,0.057132751
2326,1.57E-06
2327,0.001415293
2328,1.25E-28
2329,0.000263307
2330,0.222834645
2331,0.001952073
2332,8.01E-06
2333,2.67436E-05
2334,0.001944069
2335,0.001181174
2336,8.66E-09
2337,0.090619719
2338,0.055880973
2339,1.92E-06
2340,5.23E-12
2341,0.000407317
2342,4.75E-07
2343,0.016254878
2344,0.0029361
2345,8.87E-07
2346,0.032052435
2347,0.000426645
2348,2.19E-08
2349,0.018111977
2350,0.007176468
2351,0.000302542
2352,1.14E-10
2353,0.053749312
2354,0.003063504
2355,3.90753E-05
2356,0.002333903
2357,1.82E-08
2358,5.07E-06
2359,0.002522643
2360,8.42713E-05
2361,0.391231168
2362,6.46E-08
2363,0.014889137
2364,4.72134E-05
2365,0.00512722
2366,0.053058781
2367,7.32246E-05
2368,2.36E-09
2369,0.044464349
2370,9.96621E-05
2371,0.003601007
2372,4.00708E-05
2373,0.108989579
2374,7.35009E-05
2375,1.35E-08
2376,0.00024683
2377,3.59E-11
2378,7.75E-07
2379,8.40744E-05
2380,0.000136312
2381,0.004809383
2382,0.001404327
2383,0.000205794
2384,1.29E-13
2385,0.027613402
2386,0.085234998
2387,0.001962805
2388,2.29387E-05
2389,0.00302135
2390,1.06E-07
2391,4.53E-10
2392,1.57E-08
2393,0.00437766
2394,2.15146E-05
2395,0.022924332
2396,6.72E-06
2397,0.00012836
2398,7.16439E-05
2399,8.40E-07
2400,7.83E-08
2401,0.885728825
2402,0.002335689
2403,1.16493E-05
2404,0.006797701
2405,2.19E-06
2406,1.60E-14
2407,0.004056942
2408,1.48E-08
2409,0.032945781
2410,1.18E-06
2411,2.40E-06
2412,7.90E-11
2413,0.014998452
2414,3.79E-09
2415,0.000136685
2416,0.000845449
2417,1.42476E-05
2418,5.01125E-05
2419,1
2420,2.52E-06
2421,9.85E-06
2422,0.001466803
2423,0.052190468
2424,1.44E-07
2425,0.002443198
2426,0.010578669
2427,3.61E-07
2428,0.000491325
2429,0.072685239
2430,4.36E-06
2431,0.006531471
2432,0.008960649
2433,2.09E-09
2434,0.063012317
2435,0.000105011
2436,5.44E-07
2437,0.000815837
2438,4.77727E-05
2439,0.023566365
2440,2.70E-11
2441,0.035403762
2442,0.039943558
2443,0.574169003
2444,0.073191326
2445,0.000373726
2446,0.010501373
2447,0.010400387
2448,2.29E-08
2449,0.03020535
2450,0.003324364
2451,6.56E-06
2452,0.519369577
2453,3.76E-08
2454,0.035897643
2455,0.000396752
2456,5.39E-07
2457,0.00048072
2458,0.027223686
2459,0.068178888
2460,0.00017755
2461,6.85862E-05
2462,2.53928E-05
2463,1.14547E-05
2464,0.031571675
2465,0.007959621
2466,0.624521197
2467,0.009488886
2468,0.002026282
2469,5.82E-09
2470,0.000500476
2471,0.067355554
2472,2.10E-06
2473,0.00139344
2474,3.82537E-05
2475,0.014276512
2476,1.57E-08
2477,0.001645259
2478,1.40E-13
2479,0.000980145
2480,5.74E-07
2481,0.118209073
2482,0.00035913
2483,1.17E-06
2484,9.78353E-05
2485,0.000657652
2486,0.007362844
2487,0.000281486
2488,0.899550995
2489,0.020552188
2490,0.000433343
2491,2.22E-08
2492,8.80E-10
2493,1.02E-07
2494,7.92E-07
2495,0.003235939
2496,0.010654396
2497,1.86E-20
2498,0.184834431
2499,0.002784522
2500,0.000412164
2501,0.037922333
2502,0.03453942
2503,1.45E-09
2504,0.020159591
2505,0.005676336
2506,0.000124693
2507,7.60E-06
2508,0.00063752
2509,0.000263036
2510,0.003699866
2511,0.042471344
2512,2.80E-06
2513,0.011525219
2514,0.002263887
2515,1.34E-09
2516,0.021782757
2517,3.32496E-05
2518,6.43E-08
2519,0.000343527
2520,0.001515213
2521,0.005093389
2522,7.29E-08
2523,0.037778475
2524,4.30E-07
2525,0.000650795
2526,0.007088622
2527,0.06845481
2528,0.000042795
2529,0.09721606
2530,3.85E-09
2531,0.001479001
2532,0.000520072
2533,0.00179059
2534,1.65E-11
2535,1.78E-15
2536,7.77E-07
2537,2.09E-08
2538,0.005930869
2539,0.000858611
2540,1.61E-14
2541,0.000132728
2542,0.080774364
2543,0.007300695
2544,4.29573E-05
2545,0.018537967
2546,1.41879E-05
2547,0.000884236
2548,0.06553997
2549,0.021749213
2550,7.14E-06
2551,0.074258237
2552,2.91E-07
2553,1.70E-07
2554,0.001300805
2555,2.24625E-05
2556,0.000143653
2557,1.60E-11
2558,0.004259784
2559,3.36E-09
2560,1.71672E-05
2561,0.03103845
2562,0.020282104
2563,1.09E-07
2564,8.25657E-05
2565,0.017199151
2566,6.15E-11
2567,1.09298E-05
2568,0.16772916
2569,1.26E-08
2570,0.038432384
2571,3.03E-06
2572,1.62794E-05
2573,7.32393E-05
2574,3.67E-08
2575,1.15E-07
2576,0.000312187
2577,0.040760686
2578,0.021607502
2579,0.012086686
2580,0.067285144
2581,0.014462806
2582,0.012309359
2583,0.000928114
2584,2.57E-08
2585,0.035264512
2586,0.005821429
2587,8.22E-06
2588,7.25E-17
2589,2.78E-12
2590,0.015554466
2591,1.59E-06
2592,2.56E-27
2593,0.005176802
2594,3.33E-08
2595,0.0358443
2596,0.051271334
2597,0.00075714
2598,0.110452679
2599,0.000276248
2600,2.56E-06
2601,0.14575873
2602,0.049083376
2603,0.000667503
2604,4.91E-11
2605,2.22E-07
2606,0.000197104
2607,3.10019E-05
2608,0.000458138
2609,1.16E-06
2610,3.21E-11
2611,0.001112438
2612,0.000223041
2613,0.012492144
2614,5.93E-06
2615,0.000829532
2616,0.00807092
2617,2.03E-12
2618,0.504788571
2619,0.045457114
2620,2.20E-06
2621,0.016056215
2622,2.49E-08
2623,5.15E-06
2624,0.002588272
2625,0.001845911
2626,0.001078174
2627,0.000337358
2628,0.002124816
2629,8.63E-21
2630,7.23393E-05
2631,0.027909231
2632,0.021545561
2633,4.17E-06
2634,0.982937956
2635,0.000115754
2636,6.30E-08
2637,0.000468564
2638,0.14100516
2639,0.000667761
2640,0.008680491
2641,8.87424E-05
2642,5.98E-06
2643,3.18057E-05
2644,0.002111746
2645,6.10E-07
2646,2.08E-10
2647,0.000157104
2648,6.36975E-05
2649,1.47E-06
2650,0.083979821
2651,2.20E-08
2652,0.002203016
2653,2.62675E-05
2654,5.22E-09
2655,0.000332475
2656,9.70E-06
2657,3.24742E-05
2658,1.42364E-05
2659,0.003496308
2660,8.05E-08
2661,1.49E-08
2662,0.013291477
2663,6.06E-07
2664,0.003871702
2665,0.000083579
2666,2.94E-08
2667,0.00092228
2668,7.87558E-05
2669,4.11E-07
2670,0.002418473
2671,0.09906094
2672,5.40E-13
2673,0.024821705
2674,0.000489541
2675,1.79E-08
2676,8.20E-09
2677,0.010862287
2678,0.000139427
2679,3.22E-08
2680,3.47575E-05
2681,4.97E-18
2682,1.72E-07
2683,0.000129532
2684,2.19E-06
2685,0.001917874
2686,1.07E-10
2687,2.36E-11
2688,3.60E-58
2689,3.46354E-05
2690,0.006857251
2691,0.057267895
2692,0.0128559
2693,5.56E-08
2694,4.34804E-05
2695,7.25E-07
2696,0.009816521
2697,0.10801929
2698,1.93E-07
2699,0.001375348
2700,0.001209839
2701,2.79746E-05
2702,0.003559302
2703,0.000311753
2704,0.021189541
2705,0.000446066
2706,0.145749462
2707,4.89302E-05
2708,0.005217984
2709,0.033419876
2710,7.55E-06
2711,1.32E-20
2712,2.65257E-05
2713,1.76E-07
2714,0.016010831
2715,0.002810813
2716,8.62E-06
2717,0.049790239
2718,0.000282927
2719,2.00264E-05
2720,4.49E-07
2721,0.001968391
2722,0.000662886
2723,0.014254837
2724,1.93E-06
2725,0.013630568
2726,0.006731451
2727,0.001487233
2728,0.000224385
2729,0.029245072
2730,4.19E-06
2731,0.000562585
2732,0.001564667
2733,0.000844643
2734,0.003714242
2735,5.09431E-05
2736,0.000682459
2737,0.00072959
2738,0.002596777
2739,8.05385E-05
2740,1.15E-07
2741,0.006076034
2742,0.000582954
2743,0.016341938
2744,0.00191872
2745,0.000411773
2746,0.003081344
2747,0.008255287
2748,3.48193E-05
2749,0.003535161
2750,0.017340371
2751,0.000402153
2752,8.22E-07
2753,1.51E-07
2754,0.000017434
2755,0.060995697
2756,3.39E-07
2757,4.27535E-05
2758,0.000713432
2759,0.007442162
2760,3.48121E-05
2761,0.000228228
2762,0.018436178
2763,0.004517688
2764,0.003689527
2765,0.004058101
2766,7.18011E-05
2767,5.08683E-05
2768,4.43E-06
2769,3.66E-07
2770,0.022216546
2771,5.21E-10
2772,0.002409594
2773,1.94093E-05
2774,1.71E-07
2775,0.201079196
2776,6.54E-07
2777,0.009229193
2778,0.099194176
2779,2.52E-09
2780,0.00051336
2781,1.70E-14
2782,0.013974443
2783,0.000256031
2784,0.003989756
2785,6.18713E-05
2786,0.010236782
2787,0.006908118
2788,0.061054306
2789,0.007837576
2790,0.017159764
2791,6.46E-10
2792,0.008191215
2793,1.81413E-05
2794,6.15E-10
2795,0.027077204
2796,4.73E-08
2797,0.001800814
2798,0.018138279
2799,0.060706466
2800,1.54E-06
2801,0.001591289
2802,0.000673181
2803,1.32277E-05
2804,0.000056174
2805,0.078879359
2806,2.25E-06
2807,1.48E-07
2808,0.000896447
2809,4.41E-06
2810,1.49E-07
2811,2.75E-06
2812,0.000427986
2813,1.88E-10
2814,4.42158E-05
2815,1.83E-11
2816,0.001892814
2817,3.11E-08
2818,0.003117352
2819,0.03283908
2820,5.09178E-05
2821,0.018578021
2822,1.43E-08
2823,0.145550388
2824,3.45E-06
2825,0.001625844
2826,0.005092834
2827,0.002916943
2828,3.11E-06
2829,5.85E-06
2830,0.000112292
2831,0.980907876
2832,0.002697238
2833,3.17104E-05
2834,2.27487E-05
2835,0.067810314
2836,0.010530158
2837,0.0002115
2838,0.009189144
2839,3.66974E-05
2840,0.000500452
2841,0.012588854
2842,0.000361175
2843,1.73E-07
2844,0.001311447
2845,5.65E-08
2846,0.00049355
2847,5.13E-09
2848,9.46E-06
2849,0.000882755
2850,2.80307E-05
2851,7.18E-10
2852,0.000213942
2853,0.003504583
2854,9.70E-14
2855,0.016239792
2856,0.054998091
2857,0.009374317
2858,0.001838224
2859,0.017153898
2860,0.015455207
2861,0.001267246
2862,0.003231255
2863,4.98E-06
2864,0.000185332
2865,0.00368537
2866,0.000691769
2867,9.02E-07
2868,4.35E-11
2869,0.058547443
2870,1
2871,0.000152933
2872,0.000338637
2873,2.73923E-05
2874,1.61E-06
2875,1.49E-06
2876,9.63653E-05
2877,0.075090086
2878,5.06E-08
2879,4.07E-07
2880,0.000335658
2881,0.000501683
2882,0.000107714
2883,1.14226E-05
2884,0.00019955
2885,0.000155875
2886,8.45E-07
2887,0.11131958
2888,0.003305064
2889,0.067568342
2890,5.94E-07
2891,6.75E-08
2892,0.000774603
2893,0.000023051
2894,2.34984E-05
2895,0.996493184
2896,0.002216686
2897,9.37E-06
2898,0.013390784
2899,0.0008207
2900,0.006766759
2901,0.011515789
2902,5.40E-08
2903,8.25282E-05
2904,0.101836591
2905,6.34E-14
2906,0.018712091
2907,0.012943693
2908,0.000776322
2909,0.026250521
2910,1.03364E-05
2911,8.03258E-05
2912,5.07E-07
2913,0.000118094
2914,1.89E-13
2915,0.016982411
2916,0.012662247
2917,1.36161E-05
2918,0.017912404
2919,0.00906618
2920,0.020229585
2921,0.001221854
2922,5.64E-06
2923,3.69E-06
2924,0.013287524
2925,0.041971181
2926,0.000850016
2927,0.000107689
2928,0.004151788
2929,0.000834388
2930,0.073980274
2931,0.021748712
2932,0.001148194
2933,0.04068999
2934,9.23925E-05
2935,0.220495635
2936,0.000481667
2937,1.16029E-05
2938,2.44E-08
2939,0.00001216
2940,0.000046172
2941,0.002531494
2942,1.12E-12
2943,0.001081886
2944,0.058526904
2945,0.000028843
2946,0.093103741
2947,0.000066818
2948,1.37E-06
2949,0.000102873
2950,5.29E-11
2951,3.21661E-05
2952,6.61966E-05
2953,0.005500827
2954,0.016743075
2955,2.02E-09
2956,0.013647068
2957,2.43E-07
2958,0.000303552
2959,0.000485263
2960,0.027751957
2961,1.87E-14
2962,0.000497178
2963,3.15421E-05
2964,0.029921267
2965,2.06E-13
2966,9.14222E-05
2967,0.066002383
2968,0.000103935
2969,5.58937E-05
2970,0.999981401
2971,2.15E-06
2972,9.35E-08
2973,0.000201689
2974,3.43017E-05
2975,2.38E-06
2976,0.015334049
2977,3.50415E-05
2978,0.007128086
2979,0.00072902
2980,0.172327203
2981,1.09E-07
2982,0.004302113
2983,9.29E-06
2984,0.011886938
2985,0.000629146
2986,0.049280033
2987,8.05E-07
2988,0.095260349
2989,1.20051E-05
2990,0.037928243
2991,0.035226538
2992,2.29E-06
2993,3.55747E-05
2994,0.000229379
2995,0.01105531
2996,1.37E-06
2997,0.000380282
2998,6.12E-17
2999,0.000982377
3000,0.000561285
3001,0.013190324
3002,2.51E-12
3003,0.003102606
3004,0.292509944
3005,0.123011545
3006,0.007517051
3007,6.94E-06
3008,0.002859551
3009,4.05E-31
3010,7.73E-08
3011,0.788928368
3012,0.000615196
3013,0.108266694
3014,3.85E-06
3015,0.014176721
3016,0.021156076
3017,0.068586638
3018,0.055434981
3019,3.75E-08
3020,7.95E-11
3021,4.89E-06
3022,0.000356339
3023,1.79486E-05
3024,0.05778088
3025,0.051816965
3026,2.30E-06
3027,5.46E-09
3028,0.008366161
3029,0.01114742
3030,1.83E-06
3031,4.35E-09
3032,5.18E-07
3033,1.48636E-05
3034,0.000521707
3035,0.092078743
3036,0.000208364
3037,0.183831501
3038,0.047992458
3039,2.14E-09
3040,0.069027063
3041,0.071202908
3042,0.016491372
3043,8.19E-08
3044,1.28E-07
3045,0.077460671
3046,1.49E-08
3047,0.033196244
3048,0.000607917
3049,2.23E-10
3050,0.026946648
3051,6.77621E-05
3052,4.51E-07
3053,0.35759956
3054,0.001045352
3055,1.00E-07
3056,1.26E-07
3057,3.96766E-05
3058,2.33E-06
3059,0.000172922
3060,0.00777235
3061,1.26E-20
3062,8.84758E-05
3063,1.74E-06
3064,3.89277E-05
3065,6.08E-07
3066,0.021218495
3067,3.05E-07
3068,3.41E-07
3069,2.11E-09
3070,6.34E-09
3071,0.020877992
3072,0.012230633
3073,9.43E-14
3074,0.041085202
3075,0.000041136
3076,0.001331346
3077,0.003364177
3078,0.000019588
3079,0.010289333
3080,3.81E-06
3081,0.000658501
3082,8.95E-06
3083,0.001473413
3084,2.88E-07
3085,3.24E-07
3086,2.73217E-05
3087,0.011146896
3088,0.02995432
3089,4.65E-08
3090,5.86E-06
3091,0.056590535
3092,0.012455741
3093,2.25E-11
3094,4.44929E-05
3095,3.77E-127
3096,0.004669
3097,0.000296633
3098,0.010562271
3099,1.08E-06
3100,0.09427906
3101,0.022811046
3102,0.001573092
3103,0.000551348
3104,1.07E-85
3105,2.27E-20
3106,0.00526979
3107,0.016884586
3108,0.000076443
3109,0.000861747
3110,0.00021568
3111,0.000748023
3112,0.003739968
3113,0.040785436
3114,1.66E-12
3115,0.000528266
3116,0.00035197
3117,5.78685E-05
3118,0.001671756
3119,4.15E-11
3120,0.000682746
3121,0.001761849
3122,0.008639895
3123,0.003706948
3124,0.00530853
3125,0.000451393
3126,0.008545738
3127,0.000345476
3128,6.70E-11
3129,0.000362125
3130,5.01075E-05
3131,1.16E-06
3132,0.000269025
3133,1.62E-10
3134,0.001205145
3135,0.059098521
3136,0.029396828
3137,4.12E-06
3138,1.40E-06
3139,0.017061829
3140,0.016549334
3141,2.03952E-05
3142,0.000927631
3143,0.038335986
3144,0.003772917
3145,0.0010194
3146,0.022666113
3147,8.97E-06
3148,1.78E-08
3149,0.055392274
3150,0.041020474
3151,0.004026914
3152,0.091377337
3153,0.00026709
3154,0.001902279
3155,0.004859483
3156,0.011925112
3157,9.74E-06
3158,0.008826224
3159,1.02E-07
3160,0.000143451
3161,0.001574472
3162,8.17E-06
3163,4.15E-20
3164,0.191950917
3165,0.650266851
3166,0.000205406
3167,0.010402022
3168,0.008486073
3169,3.81E-11
3170,0.021193374
3171,0.004020155
3172,2.08318E-05
3173,1.17E-07
3174,0.02436122
3175,0.025687588
3176,0.013067632
3177,0.001598628
3178,2.54E-13
3179,0.000313406
3180,4.57E-07
3181,0.003682314
3182,0.045716103
3183,0.024950677
3184,7.51E-07
3185,7.92964E-05
3186,7.81E-07
3187,1.05606E-05
3188,0.000833597
3189,0.148208448
3190,0.00823364
3191,0.001075632
3192,0.010929482
3193,5.41E-07
3194,2.86E-06
3195,1.77E-06
3196,0.043691787
3197,0.004823644
3198,2.13084E-05
3199,7.36E-06
3200,0.000460662
3201,0.019424025
3202,0.05584674
3203,0.005045556
3204,0.063194992
3205,1
3206,0.000088029
3207,0.074788061
3208,0.002388485
3209,0.091754375
3210,3.56E-06
3211,0.000504572
3212,0.013158495
3213,2.53E-08
3214,2.22E-11
3215,7.52E-16
3216,0.000375257
3217,0.022505914
3218,0.026539322
3219,0.001441616
3220,0.008414378
3221,0.000569786
3222,2.77E-08
3223,0.015535803
3224,0.014979749
3225,0.012843722
3226,0.020323994
3227,0.000129896
3228,0.009690118
3229,2.38E-06
3230,7.42E-15
3231,0.494499481
3232,6.64E-08
3233,0.036848799
3234,0.000848108
3235,0.000498764
3236,0.000427188
3237,0.014110665
3238,4.09E-07
3239,0.000063498
3240,0.006207462
3241,2.06866E-05
3242,0.000146943
3243,0.002464726
3244,0.001159063
3245,0.01727471
3246,6.83E-07
3247,1.15E-12
3248,0.002008359
3249,0.01832623
3250,1.68E-07
3251,0.038237639
3252,0.001976001
3253,0.374861714
3254,1.26E-06
3255,0.002262614
3256,0.000692289
3257,0.698322717
3258,4.08377E-05
3259,1.81609E-05
3260,0.003147383
3261,0.000398979
3262,5.00E-06
3263,2.57E-06
3264,3.40E-06
3265,7.59E-09
3266,1.60E-06
3267,2.26E-06
3268,0.000499714
3269,0.00011098
3270,0.292034381
3271,0.01154037
3272,0.015578324
3273,0.000560127
3274,0.000340736
3275,1.35E-12
3276,0.002597679
3277,0.058588396
3278,0.02435393
3279,6.05E-06
3280,0.00885273
3281,0.014685877
3282,2.99E-06
3283,1.77E-28
3284,0.000223952
3285,1.73E-06
3286,0.002904508
3287,2.34E-06
3288,0.00104425
3289,0.037949433
3290,0.032128925
3291,0.06838743
3292,9.05E-07
3293,7.95E-09
3294,0.000351064
3295,0.024433301
3296,3.21E-07
3297,0.000181251
3298,0.007116125
3299,7.87E-09
3300,1.35652E-05
3301,0.000501322
3302,5.43E-06
3303,3.76E-10
3304,0.999980135
3305,0.001846362
3306,0.052570898
3307,2.44E-14
3308,0.000332244
3309,0.036168051
3310,0.131698301
3311,0.008040521
3312,4.34E-08
3313,2.01E-06
3314,0.000325162
3315,7.49E-11
3316,6.16E-06
3317,4.22E-07
3318,2.87E-12
3319,0.000207638
3320,0.003793555
3321,0.035877427
3322,1.99507E-05
3323,0.058414966
3324,0.000156644
3325,0.000102446
3326,0.021869406
3327,1.80E-08
3328,0.83165585
3329,2.19E-06
3330,0.00017845
3331,1.63E-18
3332,1.75E-07
3333,0.000629649
3334,0.001134211
3335,0.001907499
3336,0.000155387
3337,0.047917091
3338,0.004686498
3339,0.000228446
3340,0.02436372
3341,0.236773769
3342,0.000275084
3343,0.004360985
3344,7.57272E-05
3345,8.21E-07
3346,0.002325609
3347,0.00082918
3348,0.010453777
3349,0.01923924
3350,1.67E-06
3351,2.53E-06
3352,9.44E-06
3353,0.003439107
3354,0.027892871
3355,0.010725808
3356,3.23E-06
3357,0.00030398
3358,0.00013395
3359,8.34E-07
3360,0.000105528
3361,0.627526339
3362,6.63E-06
3363,8.15E-06
3364,4.72E-06
3365,2.88055E-05
3366,1.15E-08
3367,0.000242707
3368,0.001055941
3369,7.52E-11
3370,0.000668559
3371,2.33E-11
3372,0.007503076
3373,0.001047492
3374,0.345521897
3375,0.00890684
3376,1.07E-10
3377,0.001106461
3378,9.63E-15
3379,0.002762087
3380,0.001520441
3381,7.74E-07
3382,0.003069623
3383,0.037999961
3384,4.92119E-05
3385,3.17E-11
3386,2.75E-06
3387,0.000117482
3388,3.20E-67
3389,0.595865324
3390,0.000543699
3391,0.000184965
3392,0.022961817
3393,0.003197108
3394,9.88411E-05
3395,2.47E-07
3396,0.019869346
3397,2.23478E-05
3398,4.25E-06
3399,0.013843931
3400,0.01057467
3401,0.036538445
3402,0.03762523
3403,0.000208803
3404,0.006915962
3405,0.014178599
3406,2.63E-10
3407,0.00184484
3408,9.24438E-05
3409,0.017562635
3410,0.00366491
3411,2.82E-07
3412,0.000012116
3413,0.001280195
3414,1.38E-08
3415,3.75E-07
3416,0.072738761
3417,7.12E-09
3418,0.119633324
3419,8.91E-06
3420,0.005258062
3421,9.55703E-05
3422,0.300798906
3423,0.000899505
3424,1.20716E-05
3425,7.15E-11
3426,0.0027599
3427,1.33E-11
3428,1.99105E-05
3429,0.056562668
3430,9.18623E-05
3431,0.005993985
3432,1.86606E-05
3433,0.370343294
3434,0.039366763
3435,0.06832858
3436,0.000016235
3437,0.006834739
3438,1.04E-07
3439,6.42074E-05
3440,0.133625612
3441,4.54E-06
3442,3.95E-06
3443,4.16E-07
3444,6.02E-12
3445,0.016047392
3446,0.001253482
3447,0.003272309
3448,5.69E-07
3449,0.000276186
3450,2.63E-07
3451,0.017197217
3452,0.041321077
3453,3.33E-06
3454,0.007072556
3455,0.002997115
3456,0.000112801
3457,0.697885457
3458,0.000944368
3459,4.70872E-05
3460,0.001097617
3461,9.00E-08
3462,2.29E-06
3463,9.82E-10
3464,6.59553E-05
3465,4.36E-09
3466,4.56998E-05
3467,0.000328681
3468,5.97E-08
3469,7.28E-10
3470,0.036833019
3471,5.70E-07
3472,0.023845802
3473,0.007266337
3474,0.00038536
3475,0.073475776
3476,5.94347E-05
3477,3.68E-13
3478,3.86E-07
3479,0.025410939
3480,5.42158E-05
3481,0.037257232
3482,6.63E-06
3483,1.28E-06
3484,0.011886479
3485,0.000121889
3486,8.30E-07
3487,0.290689625
3488,2.45E-06
3489,0.000257585
3490,2.28E-06
3491,0.076740477
3492,1.88518E-05
3493,3.02E-06
3494,0.000408526
3495,0.093175678
3496,0.000646264
3497,7.41E-09
3498,0.999986988
3499,0.000149569
3500,0.082880333
3501,1.56E-10
3502,5.90E-23
3503,1.41E-09
3504,3.27E-24
3505,0.013244438
3506,0.00479133
3507,0.000016752
3508,0.002845244
3509,2.95E-06
3510,0.008485524
3511,0.012099299
3512,5.74E-10
3513,0.007700991
3514,1.03307E-05
3515,0.000140159
3516,0.188724513
3517,7.97E-11
3518,2.03E-06
3519,4.04E-07
3520,0.002597228
3521,8.20E-06
3522,0.093294663
3523,1.10E-16
3524,2.81766E-05
3525,0.002038808
3526,0.000299701
3527,0.025131558
3528,0.028736689
3529,0.165505897
3530,0.001144474
3531,3.84E-06
3532,3.79095E-05
3533,6.34E-14
3534,0.124102827
3535,0.019291983
3536,0.034289944
3537,5.83E-09
3538,3.70E-06
3539,4.91E-06
3540,9.25555E-05
3541,3.55E-07
3542,3.20725E-05
3543,0.001578346
3544,5.65E-07
3545,5.78E-06
3546,1.42E-11
3547,2.83E-08
3548,3.63E-27
3549,4.91E-13
3550,1.75E-07
3551,0.000129026
3552,8.05E-11
3553,0.008708998
3554,3.09551E-05
3555,7.77E-06
3556,4.01E-09
3557,0.000110043
3558,0.000544129
3559,0.006143225
3560,6.76E-08
3561,0.057204991
3562,1.55E-06
3563,2.48E-09
3564,2.22E-07
3565,5.99E-07
3566,3.14E-23
3567,3.14357E-05
3568,0.034908007
3569,3.00E-17
3570,0.000463578
3571,2.47E-09
3572,0.000196093
3573,0.018962888
3574,2.10E-06
3575,0.000759247
3576,0.015101272
3577,0.007587694
3578,1.51E-06
3579,0.001284192
3580,0.000406999
3581,4.62244E-05
3582,0.001586081
3583,2.06E-06
3584,0.007629785
3585,0.006293471
3586,5.28162E-05
3587,7.12E-08
3588,0.006277138
3589,0.002815955
3590,2.51E-11
3591,0.008230151
3592,0.000399819
3593,4.27E-06
3594,1
3595,2.31492E-05
3596,0.01068471
3597,2.37E-16
3598,4.03E-06
3599,1.20902E-05
3600,1.73E-06
3601,8.73E-08
3602,0.009344238
3603,0.058647039
3604,0.004854161
3605,3.49E-13
3606,1.48E-07
3607,9.82E-07
3608,0.017133421
3609,0.059626452
3610,0.000595608
3611,0.005092492
3612,6.52417E-05
3613,0.151271992
3614,3.02E-07
3615,0.993059597
3616,0.016652789
3617,8.33E-15
3618,8.65E-07
3619,4.51E-11
3620,0.012521304
3621,1.04E-07
3622,0.104478408
3623,0.176378403
3624,0.000452234
3625,0.000226345
3626,0.038850943
3627,0.000835009
3628,0.000149571
3629,2.03451E-05
3630,7.80331E-05
3631,7.22454E-05
3632,0.000552004
3633,0.000067691
3634,4.97E-07
3635,4.94983E-05
3636,0.011633651
3637,0.000734303
3638,1.92E-08
3639,3.65E-06
3640,0.000858796
3641,7.93E-13
3642,0.028007392
3643,0.000271323
3644,0.098247449
3645,0.194729765
3646,0.169262756
3647,0.00013268
3648,0.001067344
3649,2.47E-159
3650,4.24E-07
3651,2.01E-10
3652,0.036779546
3653,0.009184457
3654,7.94E-06
3655,1.59E-17
3656,0.039002693
3657,0.000528745
3658,0.035342685
3659,0.000606612
3660,3.13E-09
3661,0.080726156
3662,6.82E-12
3663,0.006705676
3664,2.52E-06
3665,1.37E-07
3666,0.006332611
3667,2.20E-06
3668,0.001525432
3669,4.66E-09
3670,0.00994662
3671,0.001584797
3672,0.000245446
3673,0.000394869
3674,0.002605374
3675,2.62E-14
3676,0.000321535
3677,0.000131017
3678,5.04414E-05
3679,1.27E-06
3680,2.05822E-05
3681,0.000139585
3682,0.077873365
3683,0.14270116
3684,0.000150214
3685,2.86E-10
3686,0.036286821
3687,3.46E-12
3688,2.14E-06
3689,1.63E-07
3690,1.52E-06
3691,0.002434866
3692,0.001903048
3693,6.50E-09
3694,0.000289096
3695,1.50E-07
3696,9.75E-08
3697,0.04217511
3698,1.35404E-05
3699,2.19218E-05
3700,0.005538703
3701,0.002999838
3702,8.18E-07
3703,0.029132397
3704,7.02515E-05
3705,0.002239779
3706,2.93E-09
3707,0.017434943
3708,0.042753733
3709,2.13721E-05
3710,5.34314E-05
3711,0.00240958
3712,0.948031202
3713,8.10772E-05
3714,0.002253734
3715,1.27E-08
3716,3.99185E-05
3717,0.032189167
3718,3.80E-06
3719,0.015298278
3720,0.060854433
3721,0.00698161
3722,5.50E-25
3723,0.001177143
3724,0.00031952
3725,1.33101E-05
3726,0.019738781
3727,2.75E-09
3728,0.15013315
3729,0.048928328
3730,0.0023836
3731,6.37E-07
3732,6.02E-06
3733,0.033363438
3734,0.014180424
3735,0.012445732
3736,0.001033659
3737,0.336592474
3738,0.002283205
3739,5.73E-08
3740,0.083707774
3741,0.914562324
3742,0.054324931
3743,0.017391966
3744,3.41314E-05
3745,2.25216E-05
3746,0.002033716
3747,5.33E-07
3748,7.52667E-05
3749,0.002577708
3750,0.000279891
3751,0.001489344
3752,7.48E-06
3753,0.013735407
3754,2.08E-09
3755,0.987472229
3756,0.479280862
3757,0.000987547
3758,6.11E-08
3759,5.47E-06
3760,7.45E-07
3761,1.08E-07
3762,0.029549513
3763,0.000374843
3764,0.000180095
3765,0.017792409
3766,0.000195698
3767,7.70E-07
3768,0.01606225
3769,0.000252279
3770,0.000204853
3771,0.016888736
3772,0.03932574
3773,0.000295636
3774,0.014729622
3775,0.046281336
3776,3.42E-06
3777,0.022328128
3778,0.069519349
3779,0.055503439
3780,6.39559E-05
3781,3.02E-09
3782,0.000370083
3783,5.85E-07
3784,1.53E-08
3785,0.643237305
3786,1.44E-06
3787,0.000110993
3788,6.06E-07
3789,1.60855E-05
3790,0.419788891
3791,0.059670229
3792,0.001642066
3793,9.79E-18
3794,0.006246598
3795,8.35499E-05
3796,0.045851302
3797,0.00731152
3798,2.95E-09
3799,0.000751484
3800,2.90E-06
3801,0.026439013
3802,5.03611E-05
3803,0.000100172
3804,0.000246251
3805,0.115639615
3806,5.61762E-05
3807,2.67656E-05
3808,0.000038075
3809,0.001852809
3810,3.42572E-05
3811,8.84E-06
3812,0.000197084
3813,8.00E-09
3814,0.001187989
3815,0.002717931
3816,7.43E-06
3817,1.33E-14
3818,1.16E-06
3819,0.002330189
3820,0.999999917
3821,3.23E-09
3822,0.584611022
3823,0.013481755
3824,0.000849825
3825,0.001165845
3826,0.017406566
3827,6.96E-12
3828,2.13E-06
3829,0.001883752
3830,3.91E-12
3831,0.052850599
3832,0.168026603
3833,0.00179523
3834,0.066529169
3835,0.006747749
3836,0.000640323
3837,9.49E-13
3838,3.72416E-05
3839,5.18E-08
3840,0.041092175
3841,0.000018273
3842,6.98E-11
3843,6.78E-07
3844,0.000246461
3845,0.035877237
3846,1
3847,1.06236E-05
3848,1.60E-08
3849,0.134156028
3850,0.000260308
3851,8.32E-15
3852,0.016876814
3853,0.072829391
3854,0.008982366
3855,0.000978027
3856,0.005389876
3857,0.00355868
3858,9.20E-08
3859,0.000479917
3860,0.004659407
3861,0.003673302
3862,2.89E-08
3863,0.000452417
3864,6.59E-10
3865,0.031585003
3866,8.16E-09
3867,2.70E-07
3868,2.66E-07
3869,0.048996317
3870,1.06E-07
3871,0.001575621
3872,1.07E-06
3873,0.000145968
3874,0.004037205
3875,0.022367923
3876,0.007544105
3877,0.000163841
3878,8.22E-06
3879,6.12E-06
3880,0.000445861
3881,4.89E-08
3882,0.022329984
3883,0.001215982
3884,0.000108468
3885,0.01475348
3886,0.007499207
3887,0.011540193
3888,0.000715275
3889,4.85E-06
3890,1.95E-08
3891,0.002917974
3892,0.001186156
3893,6.10639E-05
3894,0.014425469
3895,9.38E-09
3896,0.031718325
3897,0.012539491
3898,0.000792875
3899,1.97E-09
3900,2.21E-08
3901,0.000346012
3902,0.006357468
3903,0.00676974
3904,0.044332823
3905,5.83131E-05
3906,2.95E-09
3907,0.068992495
3908,0.012944345
3909,1.19E-06
3910,1.70E-08
3911,0.000957626
3912,0.002110257
3913,2.97E-07
3914,4.29E-09
3915,0.008660047
3916,0.004984605
3917,0.000778833
3918,3.22E-10
3919,0.016432064
3920,9.14E-09
3921,0.001263411
3922,0.031074766
3923,0.013708823
3924,0.002489635
3925,5.95E-26
3926,0.020873861
3927,4.50E-06
3928,0.999431504
3929,0.062728498
3930,0.0489156
3931,2.44E-06
3932,0.000424011
3933,0.402332133
3934,0.005837902
3935,0.047134031
3936,0.021599009
3937,1.82E-13
3938,0.000227186
3939,0.001196255
3940,4.19E-08
3941,3.09E-12
3942,2.80525E-05
3943,0.000102677
3944,0.122044218
3945,0.075010828
3946,4.69E-07
3947,1.05E-07
3948,0.000990257
3949,0.021443299
3950,1.72E-06
3951,0.003231773
3952,0.029444881
3953,6.90E-06
3954,2.04E-08
3955,0.054360676
3956,0.201123046
3957,0.004120114
3958,0.000017105
3959,0.03046873
3960,8.68E-11
3961,0.042550597
3962,0.015408699
3963,0.00073611
3964,0.000291632
3965,0.002517065
3966,0.003014718
3967,1.80E-10
3968,4.59E-11
3969,4.90E-06
3970,0.001394833
3971,0.02540421
3972,0.000123348
3973,0.031429927
3974,1.70308E-05
3975,0.000300752
3976,0.020581222
3977,0.000866345
3978,0.00011741
3979,0.000236967
3980,1.00E-09
3981,0.000151997
3982,0.002565591
3983,2.20139E-05
3984,8.56E-06
3985,0.18662681
3986,0.008516012
3987,0.001440914
3988,1.26E-07
3989,0.003765449
3990,4.56E-09
3991,0.000213965
3992,4.91E-08
3993,2.14E-08
3994,3.70E-09
3995,0.822526861
3996,6.25049E-05
3997,0.002025049
3998,0.096987461
3999,0.000532308
4000,0.00022663
4001,1
4002,6.07E-09
4003,1.50386E-05
4004,3.59E-07
4005,0.003570678
4006,7.47E-08
4007,0.000039163
4008,7.83E-08
4009,0
4010,0.004916716
4011,0.021612253
4012,0.000814544
4013,0.000316634
4014,9.64E-09
4015,3.06E-08
4016,0.997755277
4017,6.79043E-05
4018,2.40E-06
4019,0.002810328
4020,0.0010194
4021,0.001216394
4022,1.63625E-05
4023,7.02E-07
4024,1.85E-07
4025,0.000842485
4026,1.43856E-05
4027,2.03E-31
4028,0.001118479
4029,0.051036841
4030,0.043515232
4031,0.009905755
4032,3.71E-13
4033,3.34E-08
4034,0.0163729
4035,0.026277469
4036,0.001086099
4037,8.80E-12
4038,0.001970039
4039,0.04188868
4040,0.882087283
4041,9.23231E-05
4042,0.057617851
4043,0.148352436
4044,0.003544611
4045,0.000096068
4046,0.000567829
4047,0.001833706
4048,0.027700303
4049,0.007277393
4050,0.000171212
4051,2.90E-08
4052,0.002588888
4053,0.054785467
4054,3.63E-236
4055,3.64E-07
4056,0.00283526
4057,0.02941137
4058,6.17E-06
4059,0.005318045
4060,5.77E-23
4061,9.57956E-05
4062,0.002319272
4063,0.002947073
4064,4.05E-06
4065,0.00678327
4066,8.30E-06
4067,2.67E-07
4068,0.000027719
4069,2.72248E-05
4070,0.000768496
4071,2.02247E-05
4072,0.001142637
4073,7.59E-10
4074,0.002493049
4075,0.005664355
4076,0.012690473
4077,1.43424E-05
4078,0.000323985
4079,6.64E-06
4080,5.66E-06
4081,0.002508633
4082,5.23055E-05
4083,0.002781063
4084,0.040903187
4085,0.002027459
4086,1.36E-06
4087,0.007814496
4088,0.00681031
4089,2.88E-06
4090,0.109761372
4091,0.001356367
4092,1.65E-19
4093,0.000881436
4094,2.82E-17
4095,2.75253E-05
4096,2.63E-07
4097,5.15499E-05
4098,2.49471E-05
4099,0.001371679
4100,6.42E-06
4101,0.001274687
4102,0.008106294
4103,0.055807846
4104,0.234968755
4105,7.61E-07
4106,4.24E-08
4107,4.74E-07
4108,3.28E-06
4109,1.42E-08
4110,1.43E-09
4111,0.109149643
4112,0.000525567
4113,0.023658183
4114,0.044533707
4115,1.28E-09
4116,1.57E-13
4117,0.002503208
4118,0.053394078
4119,3.75E-09
4120,0.006750405
4121,0.14139111
4122,5.47335E-05
4123,0.057025812
4124,0.00616581
4125,1.28936E-05
4126,0.017903902
4127,0.061437471
4128,0.002725905
4129,2.90525E-05
4130,2.40E-13
4131,3.45E-25
4132,0.011418434
4133,2.59916E-05
4134,3.01E-06
4135,0.000012171
4136,0.029387536
4137,0.000233648
4138,0.001228128
4139,5.70434E-05
4140,0.069200198
4141,0.000804623
4142,0.00024278
4143,0.033785354
4144,1.69E-40
4145,2.05697E-05
4146,0.190746153
4147,3.64E-08
4148,0.003328362
4149,5.87E-07
4150,0.00101571
4151,0.002124287
4152,8.97E-08
4153,0.028451614
4154,0.000475803
4155,1.36E-08
4156,8.31E-06
4157,0.000237488
4158,0.350400263
4159,0.00166582
4160,8.56E-07
4161,0.000112932
4162,1.50E-06
4163,0.000181579
4164,0.016047392
4165,7.19716E-05
4166,0.041357577
4167,0.000545872
4168,0.010407951
4169,0.001322491
4170,0.000245361
4171,0.011256026
4172,0.000182593
4173,0.000938871
4174,0.048699227
4175,0.022731644
4176,0.059896927
4177,0.000329673
4178,0.012339904
4179,0.034681244
4180,0.120712766
4181,0.151535772
4182,5.76094E-05
4183,0.088153028
4184,0.008783019
4185,0.018590827
4186,3.91331E-05
4187,4.37E-07
4188,0.011848663
4189,0.001794327
4190,2.97E-10
4191,0.016813673
4192,0.000173525
4193,0.02170757
4194,0.084249773
4195,9.61E-11
4196,2.72E-06
4197,6.48E-08
4198,0.027275484
4199,0.039754847
4200,0.078113346
4201,0.000520447
4202,0.005602237
4203,2.78679E-05
4204,0.004982846
4205,0.020217453
4206,0.008152993
4207,3.57E-07
4208,0.000259958
4209,1
4210,0.000698115
4211,0.000538718
4212,0.9970112
4213,2.02E-07
4214,0.007934178
4215,5.13E-10
4216,3.07855E-05
4217,0.004576531
4218,0.002342638
4219,0.01012755
4220,6.32359E-05
4221,0.000123495
4222,0.014152332
4223,0.000525887
4224,0.000017726
4225,0.010844007
4226,0.004763854
4227,1.42E-06
4228,5.51E-09
4229,0.000229863
4230,0.010051639
4231,8.44E-18
4232,0.012832242
4233,7.43E-28
4234,0.000597818
4235,0.002100051
4236,0.036588165
4237,9.45E-06
4238,0.000213448
4239,0.000265635
4240,0.027852027
4241,9.89349E-05
4242,6.15901E-05
4243,8.77E-06
4244,0.050901355
4245,0.002259749
4246,0.0002206
4247,0.000847965
4248,8.33998E-05
4249,0.000810956
4250,3.52E-07
4251,0.000321537
4252,3.40E-10
4253,0.019495826
4254,0.000445591
4255,0.005699571
4256,1.48597E-05
4257,0.014436535
4258,2.62019E-05
4259,9.14E-07
4260,0.000105271
4261,1.53E-07
4262,0.009861374
4263,0.004519614
4264,0.002196862
4265,1.28E-15
4266,2.64E-08
4267,0.089408308
4268,6.38E-06
4269,2.07E-07
4270,0.048558313
4271,4.67E-06
4272,0.000472726
4273,1.47E-59
4274,0.000323097
4275,4.88074E-05
4276,0.000969592
4277,9.82E-07
4278,0.001979104
4279,2.60E-08
4280,6.46E-07
4281,0.01218807
4282,0.002662581
4283,9.91493E-05
4284,0.118220666
4285,0.021778546
4286,1
4287,0.000581061
4288,0.6128174
4289,2.68E-07
4290,2.83E-08
4291,0.00913033
4292,1.88E-08
4293,0.056297775
4294,0.005175213
4295,0.000241446
4296,0.000495737
4297,0.004619953
4298,0.008451841
4299,0.013429049
4300,5.64E-08
4301,0.002622356
4302,4.54045E-05
4303,2.29E-09
4304,1.49E-08
4305,4.40E-07
4306,0.043101635
4307,6.14E-09
4308,5.00E-12
4309,4.95E-15
4310,2.15E-06
4311,0.000050634
4312,0.002203142
4313,6.90E-13
4314,0.010146804
4315,0.002968365
4316,0.033791726
4317,0.000134224
4318,0.000129196
4319,0.000276601
4320,0.030518819
4321,0.019046576
4322,0.001091903
4323,2.22143E-05
4324,0.000107708
4325,8.64E-09
4326,8.15E-06
4327,2.39768E-05
4328,0.000313311
4329,1.17535E-05
4330,0.000929017
4331,6.65E-13
4332,4.48E-07
4333,3.60786E-05
4334,3.35479E-05
4335,4.06E-06
4336,0.000921629
4337,0.000568471
4338,0.032503244
4339,0.000266199
4340,5.77E-113
4341,0.003342191
4342,0.00440475
4343,2.32E-06
4344,0.002063019
4345,0.050387811
4346,8.99729E-05
4347,0.006048057
4348,0.000116881
4349,0.000694824
4350,4.06E-08
4351,0.002033718
4352,0.010529408
4353,0.04153567
4354,0.007119483
4355,0.019839743
4356,0.003701055
4357,0.029821545
4358,6.61194E-05
4359,0.0010626
4360,5.89E-07
4361,7.42E-06
4362,0.340887759
4363,0.033021479
4364,3.59E-06
4365,2.83968E-05
4366,1.07047E-05
4367,3.33E-14
4368,0.00233155
4369,0.000924811
4370,2.21E-17
4371,1.10E-07
4372,4.85E-16
4373,2.13E-06
4374,1.43E-06
4375,0.001275299
4376,2.14E-07
4377,4.45E-06
4378,2.76E-07
4379,0.009631642
4380,9.33E-08
4381,0.001656404
4382,0.00086464
4383,0.000760065
4384,0.013309075
4385,0.000084301
4386,0.01863726
4387,0.002803129
4388,3.84E-10
4389,0.010937908
4390,0.000217947
4391,0.000110235
4392,0.000162562
4393,5.67E-09
4394,0.000315508
4395,0.030387604
4396,5.82E-09
4397,0.016617298
4398,0.001078442
4399,0.024315538
4400,0.000083553
4401,4.14233E-05
4402,5.60E-06
4403,5.90E-07
4404,9.07E-07
4405,0.000792617
4406,0.000104255
4407,8.01E-13
4408,0.141135722
4409,0.000340857
4410,1.78E-08
4411,1.28995E-05
4412,9.55E-09
4413,8.98E-09
4414,0.000131781
4415,0.013737497
4416,6.33E-09
4417,0.000140269
4418,0.05122687
4419,0.005689595
4420,3.76E-06
4421,1.44E-07
4422,7.56E-08
4423,1.17E-09
4424,2.62E-06
4425,0.006732019
4426,3.86E-10
4427,0.00016019
4428,4.94619E-05
4429,0.000206967
4430,0.000025855
4431,0.000278971
4432,2.10127E-05
4433,0.00070303
4434,0.049890601
4435,3.66E-07
4436,0.049753317
4437,1.95E-08
4438,0.045203485
4439,0.003252936
4440,0.030304105
4441,0.016647732
4442,0.001270008
4443,0.009444087
4444,3.17534E-05
4445,0.001566606
4446,0.001003013
4447,0.008207421
4448,0.012899663
4449,0.000523928
4450,3.42E-06
4451,8.19E-10
4452,4.01E-13
4453,6.67E-09
4454,0.000469278
4455,0.002634319
4456,0.010695798
4457,0.031273942
4458,4.40E-07
4459,0.002359256
4460,0.001630788
4461,0.004994853
4462,0.003325656
4463,0.000339866
4464,2.91E-06
4465,1.13E-06
4466,0.003936188
4467,0.001179668
4468,2.64E-14
4469,2.08E-08
4470,0.047541283
4471,1.72E-06
4472,0.006168692
4473,0.009241922
4474,0.00476541
4475,0.001646281
4476,5.04E-10
4477,0.114368157
4478,0.023641301
4479,0.007530944
4480,0.000120778
4481,1.20E-07
4482,6.23E-17
4483,2.55E-11
4484,1.02E-09
4485,0.027890455
4486,0.040265846
4487,0.002022441
4488,0.001410207
4489,0.005467718
4490,0.081630936
4491,0.006479593
4492,0.000190685
4493,0.01816242
4494,1.62E-06
4495,1.88705E-05
4496,1.26E-21
4497,0.012289627
4498,0.150874922
4499,0.030430601
4500,0.0007339
4501,1.69E-08
4502,0.131736418
4503,0.002301779
4504,0.00036584
4505,0.000366555
4506,4.76607E-05
4507,1.52E-07
4508,3.58E-07
4509,1.18E-06
4510,2.32E-06
4511,0.067987576
4512,0.003587065
4513,0.332468287
4514,0.001515776
4515,0.003884205
4516,1.67E-06
4517,2.45E-06
4518,1.85E-06
4519,0.011846127
4520,1.36E-09
4521,0.002241481
4522,1.66876E-05
4523,0.187725732
4524,0.004601286
4525,0.000184414
4526,0.006313019
4527,0.013982933
4528,1.05E-07
4529,0.005905697
4530,0.017485667
4531,4.44E-06
4532,1.27E-07
4533,0.000447897
4534,0.002309084
4535,0.020350008
4536,0.000022354
4537,0.002181431
4538,1.04064E-05
4539,0.306553032
4540,0.001099104
4541,0.016585544
4542,4.84E-10
4543,0.000238969
4544,0.022874693
4545,1.06E-09
4546,3.33383E-05
4547,1.06315E-05
4548,0.000247573
4549,4.59E-08
4550,0.03630066
4551,0.041419395
4552,0.002055949
4553,1.99E-06
4554,1
4555,0.000254702
4556,0.005592107
4557,0.001168373
4558,1.01E-06
4559,0.000496476
4560,0.003808772
4561,0.013792887
4562,0.07818688
4563,4.82E-23
4564,0.017312155
4565,0.023259079
4566,2.49E-07
4567,0.023344345
4568,5.57E-09
4569,0.72818228
4570,0.016193455
4571,1.64E-09
4572,6.22E-20
4573,0.17204561
4574,0.041609008
4575,0.001179031
4576,0.000102942
4577,1.79E-09
4578,0.006134786
4579,0.000968819
4580,1.60E-07
4581,9.43921E-05
4582,9.02E-25
4583,1.35E-10
4584,1.86E-08
4585,8.20382E-05
4586,9.63E-07
4587,4.43E-07
4588,2.61E-07
4589,0.001227103
4590,6.24622E-05
4591,0.001321909
4592,0.044367334
4593,0.000378914
4594,1.13E-06
4595,1.14E-09
4596,8.66948E-05
4597,9.82E-07
4598,9.89E-06
4599,0.114865675
4600,2.73E-12
4601,2.02E-06
4602,0.059147848
4603,3.71E-22
4604,0.066343929
4605,2.01E-10
4606,2.40E-06
4607,3.60E-08
4608,0.000305904
4609,0.015056107
4610,7.79E-06
4611,4.73E-07
4612,0.014236328
4613,0.005894793
4614,7.31E-69
4615,0.007793487
4616,2.39E-06
4617,5.99E-09
4618,1.36E-08
4619,0.030515988
4620,0.010109912
4621,2.46E-08
4622,1.67E-06
4623,0.001372851
4624,0.003999994
4625,2.22E-09
4626,0.015293204
4627,2.56E-36
4628,1.03723E-05
4629,0.000118235
4630,0.001287393
4631,0.059460769
4632,0.176339194
4633,0.000425553
4634,0.001650847
4635,0.833706112
4636,0.148367857
4637,0.000671656
4638,0.004797072
4639,0.018397625
4640,1.18878E-05
4641,0.023292288
4642,0.002149595
4643,0.052144356
4644,0.002293482
4645,0.282304479
4646,0.000700812
4647,0.042886023
4648,3.27306E-05
4649,4.34E-07
4650,7.26E-06
4651,0.043353804
4652,0.016847709
4653,1.12E-07
4654,2.64E-13
4655,6.31E-08
4656,0.038430664
4657,4.12E-07
4658,6.85629E-05
4659,0.001454212
4660,3.29E-07
4661,0.023639433
4662,0.072059457
4663,6.79E-08
4664,0.20312671
4665,0.00031336
4666,1.06E-11
4667,0.003864947
4668,1.34E-06
4669,0.008030358
4670,0.000767385
4671,3.26236E-05
4672,0.031950798
4673,0.004611878
4674,0.014518662
4675,1.02587E-05
4676,0.000947117
4677,0.034195503
4678,5.52E-06
4679,0.078814662
4680,0.024417448
4681,0.004276465
4682,0.027592264
4683,1
4684,1.08464E-05
4685,0.040657256
4686,0.473564268
4687,0.002294589
4688,0.004572582
4689,0.013915256
4690,0.037024883
4691,5.74E-08
4692,1.18E-07
4693,7.78E-08
4694,0.0024023
4695,0.004877917
4696,0.011027099
4697,0.000230961
4698,0.028688691
4699,4.83727E-05
4700,0.006090401
4701,0.00003291
4702,0.000286487
4703,1.13E-14
4704,0.000172866
4705,0.000113797
4706,0.001343914
4707,0.000044796
4708,0.000498906
4709,6.24E-07
4710,0.000747409
4711,2.66194E-05
4712,0.017509261
4713,1.09E-09
4714,3.21E-07
4715,4.39236E-05
4716,9.04E-08
4717,0.026551118
4718,0.000642582
4719,0.000575895
4720,1.53373E-05
4721,5.75E-06
4722,7.03E-17
4723,0.003744808
4724,0.000392957
4725,0.003650516
4726,5.63E-15
4727,0.00234426
4728,0.000220053
4729,0.012380262
4730,0.000302481
4731,0.000945652
4732,0.001525213
4733,6.55E-07
4734,0.005640388
4735,8.04E-06
4736,0.017750282
4737,1.14E-07
4738,0.026687257
4739,0.034790982
4740,3.35E-13
4741,1.46087E-05
4742,7.53355E-05
4743,3.27167E-05
4744,0.000409241
4745,0.004177095
4746,0.059436208
4747,0.000906525
4748,0.042093028
4749,9.21E-06
4750,2.68E-06
4751,2.72855E-05
4752,6.31E-08
4753,4.69E-06
4754,0.038959175
4755,1.24E-07
4756,0.085185693
4757,1.03712E-05
4758,0.000487464
4759,3.28E-12
4760,1.54E-06
4761,3.68E-08
4762,1.81E-12
4763,4.47602E-05
4764,2.67E-10
4765,0.010282474
4766,2.62E-08
4767,0.000125061
4768,0.006502133
4769,0.041224168
4770,0.000105141
4771,0.008384817
4772,3.86E-09
4773,1.39E-06
4774,0.000277762
4775,0.000169555
4776,2.96519E-05
4777,0.000114852
4778,0.013518288
4779,1.13E-08
4780,5.07E-11
4781,0.002530915
4782,3.41E-07
4783,0.0018873
4784,0.020281472
4785,0.000249685
4786,2.00E-06
4787,0.024230024
4788,4.03324E-05
4789,0.002647292
4790,3.03E-07
4791,0.027204347
4792,0.000480148
4793,0.044744208
4794,0.999531962
4795,0.000498989
4796,0.007105357
4797,1.14E-06
4798,0.106991722
4799,7.10E-09
4800,0.123195126
4801,1.60E-06
4802,0.000294568
4803,8.76631E-05
4804,6.37445E-05
4805,5.44E-08
4806,0.000742567
4807,0.016069191
4808,0.000477923
4809,0.000475572
4810,1.23E-06
4811,3.16E-08
4812,0.003623856
4813,0.002333792
4814,3.96E-09
4815,1.43E-06
4816,0.004520445
4817,0.129007192
4818,0.003894352
4819,2.49E-06
4820,0.03142354
4821,0.002496647
4822,0.000015062
4823,2.89E-06
4824,0.048184761
4825,1.40E-07
4826,0.158347879
4827,0.004528741
4828,4.53E-08
4829,0.016353673
4830,0.000046044
4831,0.051264403
4832,0.015801551
4833,0.001051313
4834,0.135401126
4835,0.006895374
4836,1.54E-07
4837,0.009880578
4838,2.08E-07
4839,2.12819E-05
4840,0.000017795
4841,2.96E-06
4842,0.219062226
4843,4.21E-07
4844,0.000399146
4845,4.18E-06
4846,0.000304004
4847,0.01650028
4848,0.001033387
4849,0.014993084
4850,0.052566337
4851,6.53E-09
4852,0.000936183
4853,3.31E-06
4854,1.39E-07
4855,6.60516E-05
4856,0.004327962
4857,0.000292816
4858,0.000294125
4859,3.30E-07
4860,0.000987575
4861,3.87E-08
4862,4.32E-10
4863,3.03E-14
4864,0.006272924
4865,0.02155414
4866,0.000270748
4867,8.94E-06
4868,0.219038693
4869,0.00033871
4870,0.006162072
4871,0.02292029
4872,0.016743974
4873,0.013630552
4874,4.04E-06
4875,5.67E-06
4876,0.027323288
4877,0.029214887
4878,0.002302575
4879,1.45E-06
4880,0.000209576
4881,0.026189413
4882,3.62E-11
4883,6.37E-08
4884,5.53E-11
4885,0.04345929
4886,2.45E-09
4887,0.006527281
4888,2.42E-06
4889,0.058010781
4890,0.000998658
4891,0.034649185
4892,0.000238154
4893,8.94E-06
4894,0.039627033
4895,1.12653E-05
4896,0.044337982
4897,0.000232207
4898,5.65E-07
4899,0.041930165
4900,0.001434255
4901,0.002422475
4902,3.76E-07
4903,1.06E-23
4904,0.016548742
4905,1.75E-07
4906,1.56E-14
4907,2.46E-06
4908,1.23E-07
4909,7.25E-10
4910,0.007454447
4911,0.026341072
4912,0.000538728
4913,0.00091356
4914,0.026198216
4915,1.65E-06
4916,0.007847933
4917,0.001446117
4918,9.68444E-05
4919,1.61904E-05
4920,2.06E-10
4921,0.017367497
4922,5.12E-06
4923,0.01428776
4924,3.50E-07
4925,0.000231487
4926,0.0274197
4927,1.11E-08
4928,0.001041428
4929,0.017246901
4930,1.87E-12
4931,7.41E-09
4932,0.029966419
4933,0.101849857
4934,7.39E-21
4935,9.06504E-05
4936,0.001185403
4937,7.52E-16
4938,0.031474067
4939,0.036059697
4940,0.000257667
4941,2.55151E-05
4942,3.01E-07
4943,0.000414216
4944,0.011746421
4945,2.54165E-05
4946,0.018267949
4947,0.007170054
4948,0.000313001
4949,0.000313468
4950,6.72E-07
4951,0.000719317
4952,8.43E-06
4953,1.03E-13
4954,0.051595275
4955,3.33E-10
4956,0.003687469
4957,7.72E-07
4958,0.022024
4959,0.001354723
4960,0.000597225
4961,0.001056729
4962,0.001424907
4963,4.88E-06
4964,8.34778E-05
4965,0.041005854
4966,3.73E-06
4967,2.67E-06
4968,0.002993267
4969,0.011480998
4970,4.39E-23
4971,9.49E-06
4972,2.56E-11
4973,3.99E-09
4974,0.004160078
4975,1.95826E-05
4976,0.00118227
4977,0.00061808
4978,0.00022074
4979,5.52617E-05
4980,0.004955148
4981,1.18E-07
4982,0.078092419
4983,7.42E-09
4984,2.45E-06
4985,0.000351302
4986,2.23E-11
4987,2.76E-07
4988,7.51605E-05
4989,0.005351675
4990,0.00046163
4991,0.009456922
4992,1.54426E-05
4993,2.45793E-05
4994,1.07E-07
4995,3.63E-07
4996,0.000174053
4997,2.71E-07
4998,4.54E-07
4999,0.013735128
5000,2.17E-15
